# c=12.0, W=400.0
q,alpha_over_c6,f_over_c6,f_CL_over_c6
0.3,11.47753385,6.493831065,6.473803782
0.3190635452,10.88816859,6.305786097,6.289091697
0.3381270903,9.803785028,5.950362028,5.934234585
0.3571906355,8.888976176,5.633037677,5.617464259
0.3762541806,8.110113365,5.347989984,5.332959165
0.3953177258,7.441514951,5.09052637,5.076027955
0.4143812709,6.863293305,4.856822815,4.842847635
0.4334448161,6.359853213,4.643731606,4.630271358
0.4525083612,5.918825678,4.448638023,4.435685146
0.4715719064,5.53029853,4.269352019,4.25689959
0.4906354515,5.186252998,4.104025305,4.092066958
0.5096989967,4.88014552,3.951087138,3.939616997
0.5287625418,4.606593528,3.809194078,3.798206697
0.547826087,4.361136655,3.677190283,3.6666806
0.5668896321,4.140053358,3.554075849,3.544039141
0.5859531773,3.940218736,3.438981354,3.429413207
0.6050167224,3.758993277,3.33114724,3.322043514
0.6240802676,3.594135089,3.229906979,3.221263783
0.6431438127,3.443730108,3.134673247,3.126486916
0.6622073579,3.306136194,3.044926496,3.037193569
0.681270903,3.179938045,2.960205445,2.95292265
0.7003344482,3.063910596,2.880099133,2.873263368
0.7193979933,2.956989136,2.804240236,2.797848556
0.7384615385,2.858244754,2.732299423,2.726349027
0.7575250836,2.766864071,2.663980566,2.658468785
0.7765886288,2.682132409,2.599016658,2.593940947
0.7956521739,2.603419758,2.537166316,2.532524242
0.8147157191,2.530169019,2.47821078,2.474000015
0.8337792642,2.461886099,2.421951323,2.418169637
0.8528428094,2.398131553,2.368207006,2.36485226
0.8719063545,2.338513486,2.316812733,2.313882872
0.8909698997,2.282681507,2.267617553,2.2651106
0.9100334448,2.230321565,2.220483177,2.218397228
0.92909699,2.181151516,2.175282676,2.173615896
0.9481605351,2.13491731,2.131899339,2.130649957
0.9672240803,2.091389701,2.090225663,2.08939197
0.9862876254,2.050361393,2.050162465,2.049742806
1.005351171,2.011644568,2.01161809,2.011610865
1.024414716,1.975068729,1.974507712,1.974911369
1.043478261,1.940478816,1.938752705,1.939565741
1.062541806,1.907733561,1.904280093,1.905501048
1.081605351,1.876704039,1.871022047,1.872649502
1.100668896,1.8472724,1.83891544,1.840948016
1.119732441,1.81933074,1.807901445,1.810337803
1.138795987,1.792780116,1.777925179,1.780764011
1.157859532,1.767529665,1.748935375,1.752175407
1.176923077,1.743495824,1.720884086,1.724524079
1.195986622,1.720601642,1.693726428,1.697765168
1.215050167,1.698776154,1.667420331,1.671856637
1.234113712,1.677953838,1.64192633,1.646759045
1.253177258,1.658074117,1.617207359,1.622435351
1.272240803,1.639080921,1.593228575,1.598850739
1.291304348,1.620922288,1.569957195,1.575972446
1.310367893,1.603550007,1.547362342,1.553769619
1.329431438,1.586919303,1.525414913,1.532213175
1.348494983,1.570988542,1.50408745,1.511275675
1.367558528,1.55571897,1.483354025,1.490931213
1.386622074,1.541074483,1.46319014,1.471155305
1.405685619,1.527021406,1.443572623,1.451924799
1.424749164,1.513528302,1.424479544,1.433217781
1.443812709,1.500565797,1.405890131,1.415013493
1.462876254,1.488106417,1.387784696,1.397292264
1.481939799,1.476124447,1.370144562,1.38003543
1.501003344,1.46459579,1.352952004,1.363225279
1.52006689,1.453497855,1.336190183,1.346844987
1.539130435,1.442809438,1.319843098,1.330878564
1.55819398,1.432510626,1.303895528,1.315310802
1.577257525,1.422582702,1.28833299,1.300127228
1.59632107,1.413008059,1.273141693,1.285314062
1.615384615,1.403770124,1.258308494,1.270858173
1.634448161,1.394853284,1.243820868,1.256747045
1.653511706,1.38624282,1.229666864,1.242968736
1.672575251,1.377924848,1.215835078,1.229511851
1.691638796,1.369886263,1.202314618,1.216365509
1.710702341,1.362114683,1.18909508,1.203519311
1.729765886,1.354598408,1.176166516,1.190963321
1.748829431,1.34732637,1.163519415,1.178688033
1.767892977,1.340288094,1.151144674,1.166684351
1.786956522,1.333473662,1.139033578,1.154943569
1.806020067,1.326873676,1.127177781,1.143457347
1.825083612,1.320479227,1.115569287,1.132217695
1.844147157,1.314281864,1.104200428,1.121216953
1.863210702,1.308273564,1.093063851,1.110447772
1.882274247,1.30244671,1.082152502,1.099903105
1.901337793,1.296794065,1.071459608,1.089576184
1.920401338,1.291308749,1.060978666,1.079460512
1.939464883,1.285984218,1.050703428,1.069549846
1.958528428,1.280814246,1.040627891,1.059838187
1.977591973,1.275792903,1.030746281,1.050319766
1.996655518,1.270914543,1.021053045,1.040989036
2.015719064,1.266173787,1.011542842,1.031840659
2.034782609,1.261565502,1.00221053,1.022869498
2.053846154,1.257084797,0.9930511568,1.014070603
2.072909699,1.252727002,0.9840599536,1.005439212
2.091973244,1.24848766,0.9752323251,0.996970731
2.111036789,1.244362512,0.9665638421,0.9886607355
2.130100334,1.240347493,0.9580502336,0.9805049579
2.14916388,1.236438713,0.9496873804,0.9724992821
2.168227425,1.232632456,0.941471308,0.9646397371
2.18729097,1.228925163,0.9333981807,0.9569224899
2.206354515,1.225313432,0.925464295,0.9493438403
2.22541806,1.221794004,0.9176660746,0.9419002145
2.244481605,1.218363757,0.9100000643,0.9345881604
2.263545151,1.215019703,0.9024629257,0.927404342
2.282608696,1.211758976,0.8950514316,0.9203455348
2.301672241,1.208578827,0.8877624618,0.913408621
2.320735786,1.205476622,0.8805929987,0.9065905852
2.339799331,1.202449833,0.8735401229,0.8998885105
2.358862876,1.199496032,0.8666010094,0.8932995739
2.377926421,1.196612891,0.8597729238,0.8868210432
2.396989967,1.193798171,0.8530532185,0.8804502729
2.416053512,1.191049723,0.8464393297,0.874184701
2.435117057,1.188365481,0.8399287738,0.8680218458
2.454180602,1.18574346,0.8335191442,0.8619593026
2.473244147,1.183181749,0.8272081086,0.8559947407
2.492307692,1.180678512,0.8209934061,0.850125901
2.511371237,1.178231981,0.8148728443,0.8443505927
2.530434783,1.175840455,0.8088442969,0.838666691
2.549498328,1.173502295,0.8029057012,0.8330721348
2.568561873,1.171215926,0.7970550558,0.827564924
2.587625418,1.168979826,0.7912904181,0.8221431175
2.606688963,1.166792533,0.7856099023,0.816804831
2.625752508,1.164652634,0.7800116776,0.8115482347
2.644816054,1.16255877,0.7744939658,0.8063715517
2.663879599,1.160509628,0.7690550395,0.801273056
2.682943144,1.158503942,0.7636932206,0.7962510705
2.702006689,1.156540491,0.7584068781,0.7913039655
2.721070234,1.154618098,0.7531944269,0.7864301568
2.740133779,1.152735623,0.7480543259,0.7816281044
2.759197324,1.150891969,0.7429850765,0.7768963108
2.77826087,1.149086075,0.7379852215,0.7722333197
2.797324415,1.147316915,0.7330533432,0.7676377142
2.81638796,1.145583499,0.7281880622,0.7631081161
2.835451505,1.14388487,0.7233880362,0.7586431839
2.85451505,1.142220102,0.7186519591,0.7542416122
2.873578595,1.140588301,0.713978559,0.74990213
2.89264214,1.138988601,0.7093665976,0.7456235
2.911705686,1.137420164,0.7048148694,0.7414045171
2.930769231,1.135882182,0.7003221997,0.7372440077
2.949832776,1.134373869,0.6958874445,0.7331408283
2.968896321,1.132894466,0.6915094892,0.7290938651
2.987959866,1.131443239,0.6871872475,0.7251020324
3.007023411,1.130019477,0.6829196605,0.7211642722
3.026086957,1.128622489,0.6787056964,0.717279553
3.045150502,1.127251609,0.6745443487,0.7134468692
3.064214047,1.125906188,0.6704346365,0.7096652403
3.083277592,1.124585601,0.6663756026,0.7059337098
3.102341137,1.123289238,0.6623663138,0.7022513451
3.121404682,1.122016511,0.6584058592,0.6986172358
3.140468227,1.120766847,0.6544933506,0.6950304942
3.159531773,1.119539693,0.6506279206,0.6914902536
3.178595318,1.11833451,0.6468087231,0.6879956683
3.197658863,1.117150777,0.6430349319,0.6845459126
3.216722408,1.115987986,0.6393057405,0.6811401804
3.235785953,1.114845647,0.6356203613,0.6777776847
3.254849498,1.113723283,0.6319780253,0.6744576569
3.273913043,1.112620429,0.6283779811,0.6711793463
3.292976589,1.111536635,0.624819495,0.6679420194
3.312040134,1.110471465,0.6213018501,0.6647449597
3.331103679,1.109424494,0.6178243459,0.6615874673
3.350167224,1.108395309,0.6143862977,0.6584688578
3.369230769,1.107383509,0.6109870365,0.6553884628
3.388294314,1.106388705,0.6076259083,0.6523456285
3.40735786,1.105410517,0.6043022735,0.6493397159
3.426421405,1.104448577,0.6010155071,0.6463701002
3.44548495,1.103502526,0.5977649977,0.6434361705
3.464548495,1.102572018,0.5945501473,0.6405373292
3.48361204,1.101656711,0.5913703712,0.6376729919
3.502675585,1.100756278,0.5882250972,0.6348425869
3.52173913,1.099870396,0.5851137656,0.6320455549
3.540802676,1.098998754,0.5820358288,0.6292813485
3.559866221,1.098141048,0.5789907508,0.6265494321
3.578929766,1.097296982,0.575978007,0.6238492816
3.597993311,1.096466267,0.5729970841,0.621180384
3.617056856,1.095648625,0.5700474794,0.618542237
3.636120401,1.094843781,0.567128701,0.6159343489
3.655183946,1.094051469,0.5642402669,0.6133562382
3.674247492,1.09327143,0.5613817053,0.6108074336
3.693311037,1.092503413,0.5585525542,0.6082874732
3.712374582,1.09174717,0.5557523611,0.6057959048
3.731438127,1.091002462,0.5529806825,0.6033322855
3.750501672,1.090269055,0.5502370841,0.6008961813
3.769565217,1.089546722,0.5475211404,0.5984871669
3.788628763,1.088835241,0.5448324343,0.5961048258
3.807692308,1.088134394,0.5421705573,0.5937487496
3.826755853,1.087443972,0.5395351088,0.5914185382
3.845819398,1.086763767,0.5369256962,0.5891137994
3.864882943,1.08609358,0.5343419348,0.5868341487
3.883946488,1.085433213,0.5317834472,0.5845792092
3.903010033,1.084782476,0.5292498635,0.5823486113
3.922073579,1.084141183,0.526740821,0.5801419927
3.941137124,1.083509151,0.5242559641,0.5779589981
3.960200669,1.082886202,0.5217949437,0.5757992788
3.979264214,1.082272164,0.5193574179,0.5736624932
3.998327759,1.081666867,0.5169430508,0.571548306
4.017391304,1.081070144,0.5145515132,0.5694563881
4.036454849,1.080481837,0.5121824821,0.5673864169
4.055518395,1.079901785,0.5098356404,0.5653380759
4.07458194,1.079329836,0.507510677,0.5633110542
4.093645485,1.078765839,0.5052072867,0.561305047
4.11270903,1.078209647,0.5029251698,0.5593197551
4.131772575,1.077661117,0.5006640323,0.5573548848
4.15083612,1.077120108,0.4984235855,0.5554101476
4.169899666,1.076586483,0.4962035458,0.5534852607
4.188963211,1.076060109,0.4940036351,0.5515799461
4.208026756,1.075540854,0.4918235802,0.5496939311
4.227090301,1.075028591,0.4896631126,0.5478269477
4.246153846,1.074523194,0.4875219691,0.5459787328
4.265217391,1.074024541,0.4853998906,0.5441490281
4.284280936,1.073532513,0.4832966232,0.5423375798
4.303344482,1.073046991,0.4812119171,0.5405441387
4.322408027,1.072567863,0.479145527,0.5387684599
4.341471572,1.072095016,0.477097212,0.5370103029
4.360535117,1.071628341,0.4750667353,0.5352694314
4.379598662,1.07116773,0.4730538642,0.5335456132
4.398662207,1.070713079,0.4710583703,0.53183862
4.417725753,1.070264286,0.4690800288,0.5301482277
4.436789298,1.069821249,0.4671186189,0.528474216
4.455852843,1.069383871,0.4651739236,0.5268163683
4.474916388,1.068952056,0.4632457295,0.5251744716
4.493979933,1.06852571,0.461333827,0.5235483168
4.513043478,1.06810474,0.4594380099,0.5219376981
4.532107023,1.067689057,0.4575580754,0.5203424133
4.551170569,1.067278572,0.4556938242,0.5187622636
4.570234114,1.066873198,0.4538450605,0.5171970534
4.589297659,1.066472852,0.4520115913,0.5156465905
4.608361204,1.066077449,0.4501932273,0.5141106859
4.627424749,1.06568691,0.4483897819,0.5125891537
4.646488294,1.065301154,0.4466010718,0.5110818109
4.665551839,1.064920104,0.4448269166,0.5095884776
4.684615385,1.064543683,0.4430671388,0.5081089771
4.70367893,1.064171817,0.441321564,0.5066431351
4.722742475,1.063804431,0.4395900204,0.5051907805
4.74180602,1.063441455,0.4378723389,0.5037517449
4.760869565,1.063082818,0.4361683533,0.5023258623
4.77993311,1.062728451,0.4344779,0.5009129699
4.798996656,1.062378286,0.4328008179,0.499512907
4.818060201,1.062032257,0.4311369486,0.4981255157
4.837123746,1.0616903,0.429486136,0.4967506406
4.856187291,1.06135235,0.4278482266,0.4953881287
4.875250836,1.061018344,0.4262230693,0.4940378293
4.894314381,1.060688223,0.4246105152,0.4926995943
4.913377926,1.060361925,0.423010418,0.4913732778
4.932441472,1.060039391,0.4214226333,0.4900587361
4.951505017,1.059720565,0.4198470192,0.4887558277
4.970568562,1.059405389,0.4182834358,0.4874644135
4.989632107,1.059093807,0.4167317455,0.4861843562
5.008695652,1.058785766,0.4151918127,0.484915521
5.027759197,1.058481211,0.4136635038,0.4836577749
5.046822742,1.05818009,0.4121466873,0.4824109869
5.065886288,1.057882352,0.4106412337,0.4811750282
5.084949833,1.057587946,0.4091470153,0.4799497716
5.104013378,1.057296822,0.4076639065,0.4787350922
5.123076923,1.057008932,0.4061917834,0.4775308666
5.142140468,1.056724228,0.4047305241,0.4763369737
5.161204013,1.056442663,0.4032800084,0.4751532937
5.180267559,1.056164191,0.4018401177,0.4739797088
5.199331104,1.055888767,0.4004107356,0.4728161031
5.218394649,1.055616346,0.3989917468,0.4716623622
5.237458194,1.055346885,0.3975830382,0.4705183733
5.256521739,1.055080341,0.3961844981,0.4693840256
5.275585284,1.054816672,0.3947960164,0.4682592095
5.294648829,1.054555837,0.3934174847,0.4671438173
5.313712375,1.054297794,0.392048796,0.4660377427
5.33277592,1.054042506,0.3906898449,0.464940881
5.351839465,1.053789931,0.3893405276,0.4638531289
5.37090301,1.053540033,0.3880007415,0.4627743847
5.389966555,1.053292772,0.3866703859,0.4617045482
5.4090301,1.053048113,0.3853493611,0.4606435204
5.428093645,1.052806019,0.384037569,0.4595912039
5.447157191,1.052566453,0.3827349127,0.4585475026
5.466220736,1.052329381,0.3814412969,0.4575123218
5.485284281,1.052094768,0.3801566275,0.456485568
5.504347826,1.051862581,0.3788808117,0.4554671492
5.523411371,1.051632785,0.3776137579,0.4544569746
5.542474916,1.051405349,0.3763553759,0.4534549545
5.561538462,1.051180239,0.3751055767,0.4524610007
5.580602007,1.050957425,0.3738642724,0.4514750262
5.599665552,1.050736874,0.3726313765,0.4504969449
5.618729097,1.050518557,0.3714068035,0.4495266723
5.637792642,1.050302443,0.3701904691,0.4485641246
5.656856187,1.050088503,0.3689822902,0.4476092196
5.675919732,1.049876708,0.3677821847,0.4466618759
5.694983278,1.049667028,0.3665900718,0.4457220133
5.714046823,1.049459437,0.3654058715,0.4447895527
5.733110368,1.049253905,0.364229505,0.443864416
5.752173913,1.049050406,0.3630608946,0.4429465263
5.771237458,1.048848914,0.3618999637,0.4420358076
5.790301003,1.048649401,0.3607466364,0.4411321848
5.809364548,1.048451842,0.359600838,0.4402355842
5.828428094,1.048256212,0.3584624948,0.4393459325
5.847491639,1.048062485,0.357331534,0.438463158
5.866555184,1.047870637,0.3562078838,0.4375871894
5.885618729,1.047680643,0.3550914733,0.4367179566
5.904682274,1.04749248,0.3539822324,0.4358553905
5.923745819,1.047306124,0.3528800921,0.4349994226
5.942809365,1.047121553,0.3517849842,0.4341499856
5.96187291,1.046938742,0.3506968413,0.433307013
5.980936455,1.04675767,0.3496155969,0.4324704389
6,1.046667566,0.3490766911,0.432053544
