# binomial two-scale Cantor measure: p=(0.7, 0.3), r=(0.25, 0.4)
# exact cascade spectrum at eps=1e-60
alpha,f_hist
0.2612364065,0.03340535623
0.2730175255,0.06157675332
0.2791504719,0.08703008863
0.2878651177,0.1101828567
0.2970645373,0.1525881257
0.3088456563,0.1711065874
0.3149786027,0.1896023747
0.3211115491,0.206660393
0.3328926681,0.2398676098
0.3420920877,0.2539615632
0.3508067335,0.2681256378
0.3600061531,0.2968635689
0.3717872721,0.3082612031
0.3779202185,0.3215088189
0.3840531649,0.3330774439
0.3958342839,0.3575524905
0.4050337035,0.3666004908
0.4137483492,0.3764684203
0.4229477689,0.3986169399
0.4347288878,0.4055891349
0.4408618343,0.4159633541
0.4469947807,0.4240919262
0.4587758997,0.4432131366
0.4679753193,0.4487088308
0.476689965,0.455570969
0.4858893847,0.4734189204
0.4976705036,0.4769026663
0.5038034501,0.4853218326
0.5099363965,0.4908249697
0.5217175154,0.5060217233
0.5309169351,0.5086566925
0.5396315808,0.5131095547
0.5457645273,0.5205115713
0.5518974737,0.5245127974
0.5636785926,0.5375429389
0.5728780123,0.5384987147
0.581592658,0.5415377182
0.5907920777,0.5545261308
0.6025731966,0.5530757318
0.6087061431,0.5592293295
0.6148390895,0.5612044066
0.6266202084,0.5714087538
0.6358196281,0.570065512
0.6445342738,0.5711624668
0.6537336935,0.5820068888
0.6655148124,0.5778256055
0.6716477588,0.5829644261
0.6777807053,0.5830840691
0.6895618242,0.5907987494
0.7013429432,0.5873295118
0.7074758896,0.5919991761
0.713608836,0.59117442
0.725389955,0.5976579153
0.7345893746,0.5931050924
0.7433040204,0.5914636524
0.75250344,0.5996965742
0.764284559,0.5914036929
0.7704175054,0.5952968121
0.7765504518,0.5927430058
0.7883315708,0.5970271173
0.7975309904,0.5904854249
0.8062456362,0.5871204495
0.8123785826,0.5905567267
0.818511529,0.5868592475
0.830292648,0.5897262189
0.8394920676,0.5818707258
0.8482067134,0.5773529462
0.857406133,0.5833632077
0.869187252,0.5704208498
0.8753201984,0.5732451944
0.8814531448,0.5678095158
0.8932342638,0.5685737313
0.9024336834,0.5587269061
0.9111483292,0.5524366004
0.9203477488,0.5573295023
0.9321288678,0.5413605431
0.9382618142,0.5436452082
0.9443947606,0.5363964819
0.9561758796,0.5350239604
0.9653752992,0.5231080684
0.974089945,0.5149399646
0.9832893646,0.5188399998
0.9950704836,0.4995363909
1.00120343,0.5013402749
1.007336376,0.4921358995
1.019117495,0.4885106137
1.028316915,0.4743697938
1.037031561,0.4641371403
1.043164507,0.465648158
1.053654776,0.4564482389
1.064145046,0.445402275
1.070277992,0.4339981626
1.078992638,0.4222238621
1.085125584,0.4234612959
1.096906703,0.416866879
1.106106123,0.3997337544
1.114820769,0.3866449239
1.124020188,0.3887165503
1.135801307,0.3600795512
1.141934254,0.3609956428
1.1480672,0.3464397294
1.159848319,0.3368144453
1.169047739,0.3165535745
1.177762385,0.3003678535
1.186961804,0.3017227749
1.198742923,0.2667505573
1.20487587,0.2673175421
1.211008816,0.249115105
1.222789935,0.2354191918
1.231989355,0.2108141949
1.240704,0.190096894
1.24990342,0.1907959028
1.261684539,0.1457080192
1.267817485,0.1459550822
1.273950432,0.1215817822
1.285731551,0.1006342197
1.29493097,0.0674707922
1.303645616,0.03626818765
1.309778563,0.03631628245
1.315911509,0
