# linearised Weierstrass model, d=3, b=3, six modes; fit window 0.01274 <= z <= 0.2948
z,L_D1.1,L_D1.3,L_D1.5,L_D1.7,L_D1.9
0.0006309573445,14.37162023,28.78171698,72.59548721,203.8910626,593.5828811
0.0007233059437,14.37523977,28.81099964,72.72669084,204.3132602,594.8571645
0.0008291709302,14.37903965,28.8426606,72.86475581,204.7464662,596.1544408
0.0009505305983,14.38271788,28.87507868,73.00223,205.1637229,597.3894188
0.001089652791,14.38577361,28.90555974,73.12766294,205.5247391,598.4354114
0.001249137279,14.38743475,28.93000341,73.22453741,205.7723156,599.1132509
0.001431964342,14.38657673,28.94255211,73.27017848,205.8285932,599.1795763
0.001641550461,14.38164114,28.9352633,73.2347836,205.5915179,598.3156304
0.001881812163,14.37056972,28.89786839,73.08079553,204.9321478,596.1183661
0.002157239208,14.35077735,28.81770867,72.76291183,203.6937164,592.0964692
0.002472978491,14.31919511,28.67996526,72.22904326,201.6936958,585.6747975
0.002834930216,14.27241958,28.46832234,71.42254764,198.7304581,576.2115876
0.003249858161,14.20700162,28.16621071,70.28619775,194.5964755,563.033356
0.003725516067,14.11989223,27.75875828,68.76823409,189.1003836,545.4924111
0.004270792531,14.00902662,27.23548226,66.83106558,182.1011647,523.050903
0.004895877113,13.87396793,26.59348402,64.46030917,173.563416,495.3931672
0.005612450741,13.71645289,25.84036769,61.66833374,163.6492605,462.5654321
0.006433903996,13.54060999,24.99570881,58.50378708,152.6888911,425.1431231
0.00737558734,13.35260714,24.09048964,55.06227126,141.0516346,384.4600372
0.008455097968,13.15959856,23.16450902,51.48194314,129.1128432,343.2152727
0.00969260865,12.96811008,22.25999152,47.92896478,117.312546,304.16464
0.0111112447,12.78235412,21.40998724,44.58850034,106.0304209,268.1948554
0.01273751609,12.60319942,20.62724597,41.60742608,95.60891738,235.5882346
0.01460181291,12.42840587,19.90258473,39.00843769,86.37913509,207.0259815
0.01673897318,12.2541961,19.21405164,36.69636889,78.65231321,182.5300843
0.01918893393,12.07749544,18.54040571,34.53677564,72.12279674,161.8857265
0.02199747746,11.89770056,17.87145127,32.43224986,66.17162881,144.3193503
0.02521708691,11.71701383,17.21133143,30.3512535,60.47293729,128.5462479
0.02890792699,11.53916481,16.57414969,28.32530765,54.97234017,113.9636728
0.03313896826,11.36726775,15.97493401,26.42996616,49.75611788,100.5327046
0.03798927601,11.2020611,15.42104833,24.73880647,44.96380265,88.38231645
0.04354948774,11.04153249,14.90808098,23.26083705,40.74467389,77.7456471
0.04992350687,10.88210588,14.42241283,21.94436287,37.19365536,68.65470047
0.05723044445,10.72065759,13.94927391,20.72039702,34.17018911,61.00217083
0.06560684489,10.55617178,13.4809766,19.53650705,31.42264934,54.4554148
0.07520923764,10.39010435,13.02019682,18.37491643,28.80734951,48.57704089
0.08621706218,10.22532221,12.57684481,17.25228985,26.29788621,43.15223141
0.09883602128,10.06430816,12.16097162,16.20546744,23.93845371,38.17117543
0.1133019249,9.907676388,11.77651567,15.26858755,21.79822919,33.69944225
0.1298850967,9.753799189,11.41945032,14.44895448,19.93373483,29.81796539
0.1488954258,9.59971761,11.08036157,13.7220461,18.35382711,26.53864793
0.1706881573,9.442818252,10.74939021,13.05120705,16.99628617,23.78659116
0.1956705311,9.2823254,10.42100811,12.40874563,15.7700394,21.41675753
0.2243093917,9.119731818,10.09633636,11.78514811,14.61798672,19.28948657
0.2571399123,8.957892016,9.781885533,11.18784226,13.53054003,17.34057095
0.2947755955,8.799304475,9.485433403,10.63311678,12.52803442,15.57604424
0.3379197376,8.644600646,9.211373516,10.135157,11.63766896,14.02871412
0.3873785714,8.492110308,8.958278766,9.697238726,10.87377509,12.72168416
0.444076332,8.338716302,8.719992829,9.309992698,10.22768253,11.64555436
0.509072528,8.181492172,8.489213365,8.957484426,9.672092438,10.75818451
0.5835817405,8.019227396,8.261203777,8.626078951,9.176601794,10.00395105
0.66899632,7.85305261,8.035657247,8.310060552,8.722246225,9.339086745
0.7669124051,7.685897056,7.81608954,8.011725783,8.305587139,8.745739589
0.8791597495,7.521138877,7.607487941,7.737448351,7.93308215,8.227086942
1.007835915,7.361208635,7.413654129,7.492744256,7.612144828,7.792322751
1.155345466,7.206913552,7.235606648,7.278943444,7.344537702,7.443904123
1.324444909,7.057882785,7.071772312,7.092762416,7.124583909,7.17292591
1.518294197,6.91392338,6.919754286,6.9285611,6.941916635,6.962233096
1.740515784,6.776497824,6.778572501,6.78170105,6.786441248,6.793651156
1.995262315,6.649359158,6.649968371,6.650884867,6.652270978,6.65437668
