# Einstein gravity, hyperbolic black-hole cosmic branes (R=1); alpha, f in units of S_1
q,x_q_d2,Sq_over_S1_d2,alpha_d2,f_d2,x_q_d3,Sq_over_S1_d3,alpha_d3,f_d3,x_q_d4,Sq_over_S1_d4,alpha_d4,f_d4
0.2,5,3,11.6328125,4.7265625,3.430500874,5.225223582,32.08050456,10.59627978,2.686140662,7.159581393,55.34043424,16.79575196
0.2245614035,4.453125,2.7265625,10.53521127,4.480083627,3.077077883,4.374603822,27.69543744,9.61156295,2.432142555,5.633491032,46.21137892,14.74571849
0.249122807,4.014084507,2.507042254,8.635516827,4.033785042,2.795303954,3.755209591,20.42454701,7.90792172,2.231142669,4.604790901,31.56802975,11.32194865
0.2736842105,3.653846154,2.326923077,7.229494615,3.668679498,2.565810882,3.289100418,15.56162718,6.647897215,2.068629051,3.879464259,22.54576624,8.98813638
0.298245614,3.352941176,2.176470588,6.159489967,3.364388648,2.375609014,2.92876036,12.18428923,5.689181251,1.934884011,3.348922627,16.70861656,7.333392749
0.3228070175,3.097826087,2.048913043,5.326203209,3.106845307,2.215661548,2.643853562,9.764305201,4.942385319,1.823161868,2.948852174,12.77635679,6.12123963
0.3473684211,2.878787879,1.939393939,4.664530353,2.886020272,2.079487802,2.414256985,7.984052162,4.349027942,1.728638855,2.639330809,10.03566315,5.208583096
0.3719298246,2.688679245,1.844339623,4.130329847,2.694567566,1.962319807,2.226184397,6.644601005,3.869525311,1.64777847,2.394576455,8.06919049,4.505134658
0.3964912281,2.522123894,1.761061947,3.692806604,2.526981758,1.860572277,2.069926658,5.616976854,3.476300946,1.577932318,2.197365486,6.622425524,3.951862974
0.4210526316,2.375,1.6875,3.329942164,2.379054595,1.771498001,1.938480795,4.81503452,3.149661311,1.517080419,2.035849868,5.534518883,3.508973664
0.4456140351,2.244094488,1.622047244,3.025652985,2.247513662,1.692957129,1.826689253,4.179727481,2.875236112,1.463657271,1.901668349,4.700610478,3.148916245
0.4701754386,2.126865672,1.563432836,2.767967834,2.129775607,1.623258698,1.730683089,3.669653202,2.642339212,1.416432389,1.78878597,4.050450608,2.852165133
0.4947368421,2.021276596,1.510638298,2.547826745,2.023773635,1.561049315,1.647512202,3.255190646,2.442889958,1.374426416,1.692758963,3.535825839,2.604592049
0.5192982456,1.925675676,1.462837838,2.358270419,1.927834406,1.505233385,1.574893995,2.914763742,2.270686004,1.336851076,1.610256348,3.122925942,2.395783015
0.5438596491,1.838709677,1.419354839,2.193881381,1.840588572,1.454914923,1.511038959,2.632400903,2.120902473,1.303065426,1.53874098,2.787578173,2.217933138
0.5684210526,1.759259259,1.37962963,2.050391296,1.760904682,1.409354416,1.454527356,2.396105747,1.989740336,1.272543505,1.476252238,2.512195884,2.065104416
0.5929824561,1.686390533,1.343195266,1.924400253,1.687839627,1.367936401,1.404220554,2.196747714,1.874175256,1.244850064,1.421255044,2.283779946,1.932717179
0.6175438596,1.619318182,1.309659091,1.813172956,1.620600986,1.330144748,1.3591963,2.027293067,1.771775356,1.219622133,1.372533083,2.092582544,1.817195206
0.6421052632,1.557377049,1.278688525,1.714488636,1.55851807,1.295543617,1.318700797,1.882263112,1.680567126,1.196554863,1.329112054,1.931196928,1.715713921
0.6666666667,1.5,1.25,1.626529084,1.501019389,1.263762616,1.28211277,1.757346771,1.598935438,1.17539053,1.290203674,1.793926643,1.626018987
0.6912280702,1.446700508,1.223350254,1.547794118,1.44761496,1.234485112,1.24891621,1.649119735,1.525548121,1.155909914,1.255164278,1.676341485,1.546293786
0.7157894737,1.397058824,1.198529412,1.477037073,1.397882264,1.207438955,1.218679468,1.554838302,1.459298423,1.137925492,1.223463806,1.574960371,1.475061347
0.7403508772,1.3507109,1.17535545,1.413215057,1.351455019,1.182389041,1.191039058,1.472286267,1.399260676,1.121275993,1.194662315,1.487021782,1.411110902
0.7649122807,1.30733945,1.153669725,1.355450237,1.308014117,1.159131309,1.165687002,1.399659987,1.344655812,1.105822043,1.16839199,1.410315528,1.353442275
0.7894736842,1.266666667,1.133333333,1.302999446,1.267280265,1.137487864,1.142360841,1.335481224,1.294824301,1.09144262,1.144343231,1.343058031,1.301223336
0.8140350877,1.228448276,1.114224138,1.255230126,1.229007959,1.117302978,1.120835698,1.27853044,1.249204751,1.078032183,1.12225379,1.283798855,1.253757141
0.8385964912,1.192468619,1.09623431,1.211601135,1.192980525,1.0984398,1.10091792,1.227795295,1.207316842,1.06549831,1.101900216,1.231349966,1.210456322
0.8631578947,1.158536585,1.079268293,1.171647345,1.159006001,1.080777628,1.082439945,1.182430555,1.168747629,1.05375975,1.083091061,1.184731679,1.170822963
0.8877192982,1.126482213,1.063241107,1.134967167,1.126913715,1.064209637,1.065256142,1.141726635,1.133140475,1.042744811,1.06566145,1.143130986,1.134432652
0.9122807018,1.096153846,1.048076923,1.101212417,1.096551409,1.048640973,1.049239399,1.105084758,1.100186043,1.032390015,1.049468702,1.105869177,1.100921767
0.9368421053,1.06741573,1.033707865,1.070080011,1.067782823,1.033987155,1.034278329,1.071997175,1.069614932,1.022638969,1.034388774,1.072376468,1.069977245
0.9614035088,1.040145985,1.020072993,1.04130513,1.040485644,1.020172716,1.020274956,1.04203134,1.04119162,1.01344142,1.020313364,1.042171987,1.041328321
0.9859649123,1.014234875,1.007117438,1.014655566,1.014549767,1.007130057,1.007142789,1.014817155,1.014709445,1.004752451,1.007147529,1.014847868,1.014739793
1.010526316,0.9895833333,0.9947916667,0.9899270161,0.9898758093,0.994798466,0.9948052212,0.9900366379,0.9899864423,0.9965318012,0.9948077139,0.9900565251,0.9900065126
1.035087719,0.9661016949,0.9830508475,0.9669391556,0.9663738331,0.9831232758,0.9831941774,0.9674155015,0.9668618637,0.9887432837,0.9832201238,0.9675004202,0.9669488516
1.059649123,0.9437086093,0.9718543046,0.945532335,0.9439622526,0.9720551458,0.9722489814,0.9467162612,0.9451932568,0.9813542924,0.9723193544,0.9469237693,0.9454089449
1.084210526,0.9223300971,0.9611650485,0.9255648001,0.9225668844,0.96154944,0.9619153929,0.9277325585,0.924854004,0.9743353733,0.9620472503,0.9281057965,0.9252475688
1.10877193,0.9018987342,0.9509493671,0.906910337,0.9021201267,0.9515656888,0.9521447904,0.9102844689,0.9057312409,0.9676598578,0.9523519411,0.9108552102,0.9063415307
1.133333333,0.8823529412,0.9411764706,0.8894562716,0.882560245,0.9420671232,0.9428934736,0.8942146031,0.8877240871,0.9613035447,0.943187025,0.89500566,0.888581478
1.157894737,0.8636363636,0.9318181818,0.873101763,0.8638307495,0.9330202684,0.9341220655,0.8793848554,0.870742138,0.9552444245,0.9345108759,0.8804119806,0.8718700498
1.18245614,0.8456973294,0.9228486647,0.8577563425,0.8458798486,0.9243945895,0.9257949994,0.8656736789,0.8547041749,0.94946244,0.9262860515,0.8669470734,0.8561203125
1.207017544,0.8284883721,0.914244186,0.8433386594,0.8286599714,0.9161621816,0.9178800755,0.8529737946,0.8395370558,0.9439392762,0.9184787872,0.8544993047,0.8412544294
1.231578947,0.811965812,0.905982906,0.8297753995,0.8121273454,0.908297497,0.9103480772,0.8411902569,0.8251747617,0.9386581778,0.9110585598,0.8429703272,0.8272025259
1.256140351,0.7960893855,0.8980446927,0.8170003512,0.7962416252,0.9007771064,0.903172439,0.830238815,0.8115575709,0.933603788,0.9039977126,0.8322732472,0.8139017174
1.280701754,0.7808219178,0.8904109589,0.8049535952,0.7809655633,0.8935794867,0.8963289563,0.8200445195,0.7986313443,0.9287620071,0.8972711301,0.8223310779,0.8012952738
1.305263158,0.7661290323,0.8830645161,0.7935808002,0.7662647185,0.8866848348,0.8897955324,0.8105405343,0.7863469032,0.9241198678,0.8908559553,0.8130754286,0.7893318993
1.329824561,0.7519788918,0.8759894459,0.7828326091,0.7521071962,0.8800749019,0.8835519573,0.8016671187,0.7746594878,0.9196654247,0.8847313447,0.8044453893,0.7779651093
1.354385965,0.7383419689,0.8691709845,0.772664102,0.7384634173,0.8737328463,0.8775797127,0.7933707554,0.7635282828,0.9153876569,0.8788782531,0.7963865807,0.7671526898
1.378947368,0.7251908397,0.8625954198,0.7630343264,0.7253059121,0.8676431025,0.8718618015,0.7856033979,0.7529160028,0.9112763806,0.8732792457,0.7888503394,0.7568562275
1.403508772,0.7125,0.85625,0.7539058837,0.712609135,0.8617912648,0.8663825961,0.7783218219,0.742788527,0.907322172,0.8679183332,0.7817930184,0.7470406984
1.428070175,0.7002457002,0.8501228501,0.7452445652,0.7003492994,0.8561639825,0.8611277055,0.7714870633,0.7331145779,0.9035162984,0.8627808262,0.7751753855,0.7376741092
1.452631579,0.6884057971,0.8442028986,0.7370190316,0.6885042286,0.8507488669,0.8560838561,0.7650639307,0.7238654381,0.8998506567,0.8578532071,0.768962103,0.7287271822
1.477192982,0.67695962,0.83847981,0.7292005282,0.6770532219,0.8455344074,0.8512387875,0.7590205802,0.7150146989,0.8963177175,0.8531230164,0.7631212765,0.7201730778
1.501754386,0.6658878505,0.8329439252,0.7217626341,0.6659769337,0.840509896,0.8465811578,0.7533281456,0.7065380378,0.8929104764,0.8485787523,0.757624064,0.7119871503
1.526315789,0.6551724138,0.8275862069,0.7146810378,0.6552572645,0.8356653601,0.8421004609,0.7479604141,0.698413021,0.889622409,0.8442097809,0.752444335,0.7041467319
1.550877193,0.6447963801,0.82239819,0.7079333385,0.6448772623,0.8309915008,0.8377869514,0.7428935423,0.6906189275,0.8864474306,0.8400062565,0.7475583724,0.6966309415
1.575438596,0.6347438753,0.8173719376,0.7014988688,0.6348210327,0.8264796381,0.8336315776,0.738105807,0.6831365916,0.8833798605,0.8359590509,0.7429446126,0.6894205147
1.6,0.625,0.8125,0.6953585361,0.6250736578,0.8221216609,0.829625922,0.7335773851,0.6759482629,0.8804143891,0.8320596892,0.7385834166,0.682497653
1.624561404,0.6155507559,0.807775378,0.6894946809,0.6156211227,0.8179099819,0.8257621467,0.72929016,0.6690374806,0.8775460482,0.8283002931,0.7344568692,0.6758458887
1.649122807,0.6063829787,0.8031914894,0.6838909491,0.6064502475,0.8138374961,0.8220329454,0.7252275504,0.6623889607,0.8747701841,0.8246735298,0.7305486022,0.669449965
1.673684211,0.5974842767,0.7987421384,0.6785321787,0.5975486268,0.8098975443,0.8184314991,0.7213743581,0.6559884947,0.8720824336,0.8211725657,0.7268436378,0.6632957286
1.698245614,0.5888429752,0.7944214876,0.6734042962,0.5889045731,0.8060838788,0.8149514368,0.7177166334,0.6498228584,0.8694787018,0.8177910249,0.7233282504,0.6573700324
1.722807018,0.5804480652,0.7902240326,0.6684942248,0.5805070655,0.8023906322,0.8115867995,0.7142415554,0.6438797299,0.8669551414,0.814522952,0.7199898438,0.6516606498
1.747368421,0.5722891566,0.7861445783,0.6637898006,0.5723457035,0.7988122899,0.8083320079,0.7109373252,0.6381476149,0.8645081352,0.8113627782,0.7168168426,0.646156196
1.771929825,0.5643564356,0.7821782178,0.6592796969,0.5644106632,0.7953436637,0.8051818329,0.7077930706,0.6326157804,0.8621342785,0.8083052905,0.713798595,0.6408460581
1.796491228,0.556640625,0.7783203125,0.6549533566,0.5566926584,0.791979869,0.8021313686,0.704798761,0.6272741929,0.8598303645,0.8053456039,0.7109252863,0.6357203316
1.821052632,0.549132948,0.774566474,0.6508009298,0.549182904,0.7887163023,0.7991760081,0.7019451313,0.622113464,0.8575933696,0.8024791364,0.7081878621,0.6307697632
1.845614035,0.5418250951,0.7709125475,0.6468132178,0.5418730828,0.7855486223,0.7963114212,0.6992236132,0.6171248001,0.855420441,0.7997015857,0.7055779586,0.6259856984
1.870175439,0.5347091932,0.7673545966,0.6429816223,0.5347553148,0.7824727313,0.7935335342,0.6966262742,0.6122999567,0.8533088847,0.7970089086,0.7030878412,0.6213600352
1.894736842,0.5277777778,0.7638888889,0.6392980988,0.5278221287,0.7794847588,0.7908385112,0.6941457621,0.6076311971,0.8512561546,0.7943973017,0.7007103488,0.6168851804
1.919298246,0.521023766,0.760511883,0.6357551143,0.5210664357,0.7765810458,0.7882227372,0.6917752553,0.6031112544,0.8492598429,0.7918631841,0.6984388437,0.6125540115
1.943859649,0.5144404332,0.7572202166,0.632345609,0.5144815057,0.7737581311,0.7856828027,0.689508418,0.5987332971,0.8473176705,0.7894031812,0.6962671669,0.608359841
1.968421053,0.5080213904,0.7540106952,0.6290629608,0.5080609443,0.771012738,0.7832154892,0.6873393596,0.5944908973,0.8454274786,0.7870141107,0.6941895971,0.6042963839
1.992982456,0.5017605634,0.7508802817,0.6259009533,0.5017986728,0.7683417623,0.7808177561,0.6852625978,0.5903780021,0.8435872211,0.7846929686,0.6922008146,0.6003577284
2.01754386,0.4956521739,0.747826087,0.6228537462,0.4956889082,0.7657422615,0.7784867289,0.6832730257,0.5863889067,0.8417949574,0.7824369171,0.6902958679,0.596538309
2.042105263,0.4896907216,0.7448453608,0.6199158485,0.4897261462,0.7632114442,0.776219688,0.6813658815,0.5825182305,0.8400488454,0.7802432736,0.6884701435,0.5928328816
2.066666667,0.4838709677,0.7419354839,0.6170820937,0.4839051441,0.7607466609,0.7740140583,0.679536721,0.5787608946,0.8383471357,0.7781094999,0.6867193393,0.5892365013
2.09122807,0.4781879195,0.7390939597,0.6143476168,0.4782209056,0.7583453947,0.7718674001,0.677781393,0.575112101,0.8366881657,0.776033193,0.6850394392,0.5857445009
2.115789474,0.4726368159,0.736318408,0.6117078336,0.4726686665,0.756005254,0.7697774001,0.6760960162,0.5715673142,0.8350703543,0.7740120758,0.6834266913,0.5823524727
2.140350877,0.4672131148,0.7336065574,0.6091584218,0.4672438813,0.753723964,0.7677418635,0.674476959,0.5681222434,0.8334921972,0.7720439898,0.6818775869,0.5790562503
2.164912281,0.4619124797,0.7309562399,0.6066953026,0.4619422109,0.7514993604,0.7657587068,0.6729208204,0.5647728265,0.831952262,0.7701268866,0.6803888424,0.5758518927
2.189473684,0.4567307692,0.7283653846,0.604314625,0.4567595109,0.7493293825,0.7638259502,0.6714244128,0.5615152157,0.8304491841,0.7682588215,0.6789573819,0.5727356697
2.214035088,0.4516640254,0.7258320127,0.6020127502,0.451691821,0.7472120672,0.7619417122,0.6699847462,0.5583457629,0.8289816629,0.7664379471,0.6775803221,0.5697040475
2.238596491,0.4467084639,0.723354232,0.5997862382,0.4467353546,0.7451455433,0.7601042028,0.6685990139,0.5552610081,0.8275484579,0.764662507,0.6762549574,0.5667536767
2.263157895,0.4418604651,0.7209302326,0.5976318345,0.4418864896,0.7431280264,0.7583117184,0.6672645792,0.5522576667,0.8261483856,0.7629308308,0.674978748,0.5638813802
2.287719298,0.4371165644,0.7185582822,0.5955464587,0.4371417596,0.7411578137,0.7565626368,0.6659789634,0.5493326192,0.8247803156,0.7612413282,0.6737493069,0.5610841426
2.312280702,0.4324734446,0.7162367223,0.5935271928,0.4324978454,0.7392332798,0.7548554121,0.6647398345,0.5464829012,0.8234431685,0.759592485,0.6725643897,0.5583590998
2.336842105,0.4279279279,0.713963964,0.5915712717,0.4279515673,0.7373528719,0.7531885705,0.6635449969,0.5437056933,0.8221359126,0.757982858,0.6714218844,0.5557035302
2.361403509,0.4234769688,0.7117384844,0.5896760731,0.4234998781,0.7355151065,0.7515607064,0.6623923824,0.5409983134,0.8208575613,0.7564110716,0.670319802,0.5531148455
2.385964912,0.4191176471,0.7095588235,0.5878391092,0.4191398561,0.7337185648,0.7499704778,0.6612800411,0.5383582077,0.8196071708,0.754875813,0.6692562681,0.5505905831
2.410526316,0.4148471616,0.7074235808,0.5860580183,0.4148686986,0.7319618899,0.7484166036,0.6602061334,0.5357829439,0.8183838379,0.7533758297,0.6682295154,0.5481283985
2.435087719,0.4106628242,0.7053314121,0.5843305571,0.410683716,0.7302437832,0.7468978596,0.659168923,0.5332702035,0.8171866975,0.7519099251,0.6672378761,0.5457260585
2.459649123,0.4065620542,0.7032810271,0.5826545939,0.4065823264,0.7285630014,0.7454130759,0.6581667699,0.530817776,0.816014921,0.7504769562,0.6662797755,0.5433814345
2.484210526,0.4025423729,0.7012711864,0.5810281017,0.4025620496,0.7269183535,0.7439611333,0.657198124,0.5284235522,0.8148677142,0.7490758303,0.6653537256,0.5410924966
2.50877193,0.3986013986,0.6993006993,0.5794491525,0.398620503,0.7253086982,0.7425409612,0.6562615191,0.5260855188,0.8137443156,0.7477055022,0.6644583199,0.5388573081
2.533333333,0.3947368421,0.6973684211,0.5779159112,0.3947553962,0.7237329415,0.7411515346,0.6553555682,0.5238017529,0.8126439947,0.7463649718,0.6635922277,0.53667402
2.557894737,0.3909465021,0.695473251,0.5764266304,0.3909645268,0.7221900339,0.7397918722,0.6544789578,0.5215704174,0.8115660505,0.7450532818,0.6627541895,0.5345408666
2.58245614,0.3872282609,0.6936141304,0.5749796454,0.3872457761,0.7206789686,0.7384610334,0.6536304435,0.5193897558,0.81050981,0.7437695152,0.6619430123,0.5324561604
2.607017544,0.3835800808,0.6917900404,0.5735733696,0.3835971056,0.7191987791,0.7371581167,0.652808846,0.5172580882,0.8094746267,0.7425127932,0.6611575658,0.530418288
2.631578947,0.38,0.69,0.57220629,0.3800165526,0.7177485373,0.7358822578,0.6520130467,0.5151738075,0.8084598797,0.7412822737,0.6603967781,0.5284257063
2.656140351,0.3764861295,0.6882430647,0.5708769634,0.376502227,0.7163273516,0.7346326274,0.6512419841,0.5131353748,0.807464972,0.7400771487,0.6596596324,0.5264769387
2.680701754,0.3730366492,0.6865183246,0.5695840123,0.3730523083,0.7149343653,0.7334084294,0.6504946503,0.5111413165,0.8064893295,0.7388966433,0.6589451635,0.5245705712
2.705263158,0.3696498054,0.6848249027,0.5683261215,0.3696650419,0.7135687546,0.7322088996,0.6497700883,0.5091902205,0.8055324,0.7377400133,0.6582524549,0.5227052499
2.729824561,0.3663239075,0.6831619537,0.5671020347,0.3663387363,0.7122297273,0.7310333041,0.6490673881,0.5072807336,0.8045936523,0.7366065446,0.6575806355,0.5208796769
2.754385965,0.3630573248,0.6815286624,0.5659105515,0.3630717605,0.7109165213,0.7298809373,0.6483856849,0.5054115578,0.8036725748,0.7354955508,0.6569288774,0.5190926084
2.778947368,0.3598484848,0.6799242424,0.5647505241,0.3598625411,0.7096284031,0.7287511213,0.6477241555,0.5035814479,0.8027686751,0.7344063723,0.6562963931,0.5173428511
2.803508772,0.3566958698,0.6783479349,0.563620855,0.3567095599,0.7083646664,0.7276432039,0.6470820168,0.5017892091,0.8018814786,0.7333383753,0.6556824332,0.5156292606
2.828070175,0.3535980149,0.6767990074,0.5625204938,0.3536113513,0.7071246311,0.726556558,0.646458523,0.500033694,0.8010105282,0.7322909498,0.6550862843,0.5139507378
2.852631579,0.3505535055,0.6752767528,0.5614484355,0.3505665004,0.705907642,0.7254905798,0.6458529635,0.4983138007,0.8001553832,0.7312635092,0.6545072667,0.5123062279
2.877192982,0.3475609756,0.6737804878,0.5604037177,0.3475736405,0.7047130675,0.7244446883,0.6452646613,0.4966284704,0.7993156186,0.7302554889,0.6539447329,0.5106947172
2.901754386,0.3446191052,0.6723095526,0.5593854185,0.3446314512,0.7035402989,0.7234183236,0.6446929707,0.4949766854,0.7984908244,0.7292663453,0.6533980655,0.5091152318
2.926315789,0.3417266187,0.6708633094,0.5583926546,0.3417386564,0.7023887491,0.7224109468,0.6441372756,0.4933574669,0.7976806053,0.7282955546,0.6528666757,0.5075668353
2.950877193,0.338882283,0.6694411415,0.5574245792,0.3388940226,0.7012578516,0.7214220383,0.6435969885,0.4917698738,0.7968845793,0.7273426126,0.6523500016,0.5060486273
2.975438596,0.3360849057,0.6680424528,0.5564803805,0.3360963569,0.7001470601,0.7204510971,0.643071548,0.4902130002,0.796102378,0.7264070329,0.6518475069,0.5045597414
3,0.3333333333,0.6666666667,0.5555592796,0.3333445056,0.6990558469,0.7194976402,0.6425604182,0.4886859741,0.7953336454,0.7254883468,0.6513586792,0.503099344
3.024561404,0.3306264501,0.6653132251,0.5546605293,0.3306373524,0.6979837027,0.7185612019,0.642063087,0.4871879561,0.7945780377,0.7245861023,0.6508830293,0.5016666323
3.049122807,0.3279631761,0.663981588,0.5537834123,0.327973817,0.6969301355,0.7176413325,0.6415790648,0.4857181373,0.7938352225,0.7236998632,0.6504200893,0.5002608334
3.073684211,0.3253424658,0.6626712329,0.5529272396,0.3253528536,0.6958946701,0.716737598,0.6411078835,0.4842757387,0.7931048786,0.7228292086,0.6499694121,0.4988812024
3.098245614,0.3227633069,0.6613816535,0.5520913499,0.3227734497,0.6948768472,0.7158495795,0.6406490952,0.482860009,0.7923866954,0.7219737322,0.6495305697,0.4975270218
3.122807018,0.3202247191,0.6601123596,0.5512751073,0.3202346244,0.6938762226,0.7149768723,0.6402022715,0.4814702241,0.7916803727,0.7211330417,0.6491031529,0.4961975995
3.147368421,0.3177257525,0.6588628763,0.550477901,0.3177354277,0.6928923672,0.7141190855,0.6397670019,0.4801056855,0.7909856197,0.7203067582,0.6486867698,0.4948922684
3.171929825,0.3152654867,0.6576327434,0.5496991435,0.3152749389,0.6919248656,0.7132758413,0.6393428936,0.4787657195,0.7903021554,0.7194945154,0.6482810451,0.493610385
3.196491228,0.3128430296,0.6564215148,0.54893827,0.3128522656,0.6909733163,0.7124467745,0.6389295701,0.4774496756,0.7896297075,0.7186959595,0.6478856192,0.492351328
3.221052632,0.3104575163,0.6552287582,0.548194737,0.3104665426,0.6900373303,0.711631532,0.6385266706,0.476156926,0.7889680125,0.7179107483,0.6475001477,0.491114498
3.245614035,0.3081081081,0.6540540541,0.5474680215,0.308116931,0.6891165314,0.7108297722,0.6381338493,0.4748868645,0.7883168153,0.7171385511,0.6471243004,0.4898993163
3.270175439,0.3057939914,0.6528969957,0.5467576202,0.305802617,0.6882105553,0.7100411648,0.6377507745,0.4736389059,0.7876758685,0.7163790478,0.6467577604,0.4887052237
3.294736842,0.303514377,0.6517571885,0.5460630484,0.3035228111,0.6873190492,0.70926539,0.6373771277,0.4724124838,0.7870449328,0.7156319287,0.6464002239,0.4875316803
3.319298246,0.3012684989,0.6506342495,0.5453838392,0.3012767472,0.6864416712,0.7085021383,0.6370126036,0.4712070513,0.7864237759,0.7148968942,0.6460513994,0.4863781642
3.343859649,0.2990556139,0.6495278069,0.5447195428,0.2990636817,0.6855780902,0.7077511101,0.6366569092,0.4700220803,0.7858121728,0.7141736541,0.6457110069,0.4852441707
3.368421053,0.296875,0.6484375,0.5440697259,0.2968828926,0.6847279852,0.707012015,0.6363097626,0.4688570595,0.7852099053,0.7134619276,0.6453787777,0.4841292122
3.392982456,0.2947259566,0.6473629783,0.5434339707,0.294733679,0.6838910452,0.7062845721,0.6359708936,0.4677114944,0.7846167618,0.7127614426,0.6450544536,0.4830328168
3.41754386,0.2926078029,0.6463039014,0.5428118744,0.29261536,0.6830669683,0.7055685089,0.6356400421,0.4665849065,0.784032537,0.7120719354,0.6447377864,0.4819545281
3.442105263,0.2905198777,0.6452599388,0.5422030485,0.2905272742,0.6822554621,0.7048635615,0.6353169584,0.465476833,0.7834570317,0.7113931506,0.6444285378,0.4808939044
3.466666667,0.2884615385,0.6442307692,0.5416071182,0.2884687789,0.6814562428,0.7041694738,0.6350014022,0.4643868255,0.7828900526,0.7107248407,0.6441264785,0.4798505183
3.49122807,0.2864321608,0.6432160804,0.5410237218,0.2864392494,0.6806690348,0.7034859978,0.6346931425,0.4633144502,0.7823314121,0.7100667655,0.6438313878,0.4788239557
3.515789474,0.2844311377,0.6422155689,0.5404525103,0.2844380788,0.6798935711,0.7028128927,0.6343919569,0.4622592869,0.781780928,0.7094186924,0.6435430539,0.4778138159
3.540350877,0.2824578791,0.6412289395,0.5398931468,0.2824646767,0.679129592,0.7021499252,0.6340976317,0.4612209284,0.7812384233,0.7087803954,0.6432612723,0.4768197105
3.564912281,0.280511811,0.6402559055,0.5393453057,0.2805184691,0.6783768459,0.7014968686,0.6338099609,0.4601989801,0.7807037262,0.7081516556,0.6429858468,0.4758412633
3.589473684,0.2785923754,0.6392961877,0.5388086729,0.2785988977,0.677635088,0.7008535031,0.6335287461,0.4591930598,0.7801766696,0.7075322604,0.6427165879,0.4748781098
3.614035088,0.2766990291,0.6383495146,0.5382829445,0.2767054194,0.6769040808,0.7002196153,0.6332537965,0.4582027967,0.7796570914,0.7069220033,0.6424533136,0.4739298964
3.638596491,0.274831244,0.637415622,0.5377678273,0.2748375057,0.6761835935,0.6995949979,0.6329849281,0.4572278316,0.7791448337,0.7063206842,0.6421958481,0.4729962805
3.663157895,0.2729885057,0.6364942529,0.5372630374,0.2729946424,0.6754734017,0.6989794498,0.6327219635,0.4562678157,0.7786397434,0.7057281085,0.6419440224,0.4720769298
3.687719298,0.271170314,0.635585157,0.5367683006,0.2711763288,0.6747732875,0.6983727753,0.6324647317,0.455322411,0.7781416713,0.7051440873,0.6416976732,0.4711715217
3.712280702,0.2693761815,0.6346880907,0.5362833519,0.2693820777,0.6740830389,0.6977747847,0.6322130681,0.4543912894,0.7776504725,0.704568437,0.6414566434,0.4702797436
3.736842105,0.2676056338,0.6338028169,0.5358079346,0.2676114145,0.67340245,0.6971852934,0.6319668137,0.4534741323,0.7771660059,0.7040009793,0.6412207812,0.4694012917
3.761403509,0.265858209,0.6329291045,0.5353418006,0.2658638772,0.6727313203,0.696604122,0.6317258151,0.4525706308,0.7766881344,0.7034415409,0.6409899404,0.4685358716
3.785964912,0.2641334569,0.6320667285,0.5348847097,0.2641390155,0.672069455,0.6960310961,0.6314899244,0.4516804846,0.7762167245,0.7028899534,0.6407639798,0.467683197
3.810526316,0.2624309392,0.6312154696,0.5344364297,0.262436391,0.6714166644,0.6954660461,0.6312589987,0.4508034023,0.7757516462,0.702346053,0.640542763,0.4668429901
3.835087719,0.2607502287,0.6303751144,0.5339967353,0.2607555764,0.6707727641,0.6949088072,0.6310329003,0.4499391009,0.7752927731,0.7018096803,0.6403261586,0.4660149811
3.859649123,0.2590909091,0.6295454545,0.5335654088,0.2590961554,0.6701375746,0.6943592191,0.6308114959,0.4490873053,0.774839982,0.7012806806,0.6401140395,0.4651989079
3.884210526,0.2574525745,0.6287262873,0.5331422393,0.2574577219,0.6695109212,0.6938171255,0.6305946571,0.4482477482,0.774393153,0.700758903,0.6399062829,0.4643945156
3.90877193,0.2558348294,0.6279174147,0.5327270222,0.2558398804,0.6688926335,0.6932823748,0.6303822595,0.4474201698,0.7739521695,0.700244201,0.6397027704,0.4636015567
3.933333333,0.2542372881,0.6271186441,0.5323195596,0.254242245,0.6682825462,0.6927548192,0.6301741832,0.4466043177,0.7735169175,0.6997364319,0.6395033875,0.4628197905
3.957894737,0.2526595745,0.6263297872,0.5319196595,0.2526644397,0.6676804977,0.6922343147,0.6299703121,0.4457999464,0.7730872864,0.6992354568,0.6393080232,0.4620489831
3.98245614,0.2511013216,0.6255506608,0.531527136,0.2511060973,0.6670863309,0.6917207214,0.629770534,0.4450068171,0.7726631681,0.6987411404,0.6391165708,0.4612889068
4.007017544,0.2495621716,0.6247810858,0.5311418088,0.2495668601,0.6664998928,0.6912139029,0.6295747405,0.4442246976,0.7722444573,0.6982533513,0.6389289265,0.4605393404
4.031578947,0.2480417755,0.6240208877,0.530763503,0.2480463787,0.6659210342,0.6907137264,0.6293828266,0.443453362,0.7718310516,0.697771961,0.6387449903,0.4598000685
4.056140351,0.2465397924,0.6232698962,0.530392049,0.2465443125,0.6653496097,0.6902200624,0.6291946908,0.4426925904,0.7714228508,0.6972968449,0.6385646654,0.4590708817
4.080701754,0.2450558899,0.622527945,0.5300272824,0.245060329,0.6647854776,0.689732785,0.6290102351,0.441942169,0.7710197575,0.6968278812,0.638387858,0.4583515761
4.105263158,0.2435897436,0.6217948718,0.5296690436,0.2435941034,0.6642284998,0.6892517714,0.6288293642,0.4412018895,0.7706216765,0.6963649513,0.6382144774,0.4576419532
4.129824561,0.2421410365,0.6210705183,0.5293171778,0.242145319,0.6636785417,0.6887769017,0.6286519863,0.4404715492,0.7702285151,0.6959079398,0.6380444359,0.4569418199
4.154385965,0.2407094595,0.6203547297,0.5289715346,0.2407136664,0.6631354718,0.6883080595,0.6284780122,0.4397509507,0.7698401829,0.6954567342,0.6378776483,0.4562509879
4.178947368,0.2392947103,0.6196473552,0.5286319683,0.2392988436,0.6625991622,0.6878451308,0.6283073556,0.4390399018,0.7694565914,0.6950112245,0.6377140324,0.4555692743
4.203508772,0.2378964942,0.6189482471,0.5282983371,0.2379005554,0.6620694878,0.6873880049,0.6281399331,0.4383382153,0.7690776547,0.6945713039,0.6375535084,0.4548965004
4.228070175,0.2365145228,0.6182572614,0.5279705036,0.2365185137,0.6615463268,0.6869365734,0.6279756636,0.4376457088,0.7687032885,0.694136868,0.6373959991,0.4542324925
4.252631579,0.2351485149,0.6175742574,0.5276483343,0.2351524369,0.6610295603,0.6864907311,0.6278144687,0.4369622046,0.7683334109,0.6937078149,0.6372414295,0.4535770812
4.277192982,0.2337981952,0.6168990976,0.5273316993,0.2338020502,0.6605190721,0.6860503749,0.6276562724,0.4362875294,0.7679679416,0.6932840455,0.6370897272,0.4529301015
4.301754386,0.2324632953,0.6162316476,0.5270204727,0.2324670845,0.6600147491,0.6856154044,0.6275010009,0.4356215145,0.7676068026,0.6928654629,0.6369408218,0.4522913924
4.326315789,0.2311435523,0.6155717762,0.5267145319,0.2311472774,0.6595164805,0.6851857217,0.627348583,0.4349639953,0.7672499174,0.6924519726,0.636794645,0.4516607972
4.350877193,0.2298387097,0.6149193548,0.526413758,0.229842372,0.6590241585,0.6847612311,0.6271989491,0.4343148114,0.7668972113,0.6920434824,0.6366511307,0.4510381629
4.375438596,0.2285485164,0.6142742582,0.5261180352,0.2285521175,0.6585376776,0.6843418393,0.6270520323,0.4336738063,0.7665486116,0.6916399022,0.6365102148,0.4504233405
4.4,0.2272727273,0.6136363636,0.5258272511,0.2272762683,0.6580569349,0.6839274553,0.6269077671,0.4330408275,0.766204047,0.6912411441,0.6363718351,0.4498161845
4.424561404,0.2260111023,0.6130055511,0.5255412962,0.2260145847,0.6575818297,0.6835179899,0.6267660905,0.4324157261,0.765863448,0.6908471225,0.6362359312,0.449216553
4.449122807,0.2247634069,0.6123817035,0.5252600644,0.224766832,0.657112264,0.6831133565,0.626626941,0.4317983569,0.7655267467,0.6904577535,0.6361024443,0.4486243078
4.473684211,0.2235294118,0.6117647059,0.524983452,0.2235327807,0.6566481416,0.68271347,0.626490259,0.4311885783,0.7651938764,0.6900729553,0.6359713178,0.4480393137
4.498245614,0.2223088924,0.6111544462,0.5247113586,0.2223122064,0.6561893689,0.6823182478,0.6263559866,0.4305862521,0.7648647725,0.6896926481,0.6358424963,0.4474614391
4.522807018,0.2211016292,0.6105508146,0.5244436861,0.2211048895,0.6557358542,0.6819276087,0.6262240679,0.4299912432,0.7645393713,0.6893167537,0.6357159263,0.4468905552
4.547368421,0.2199074074,0.6099537037,0.5241803393,0.2199106152,0.6552875079,0.6815414738,0.6260944481,0.42940342,0.7642176109,0.688945196,0.6355915556,0.4463265367
4.571929825,0.2187260169,0.6093630084,0.5239212256,0.2187291733,0.6548442425,0.6811597657,0.6259670743,0.4288226539,0.7638994305,0.6885779003,0.6354693337,0.4457692608
4.596491228,0.2175572519,0.608778626,0.5236662547,0.217560358,0.6544059724,0.6807824088,0.6258418951,0.4282488193,0.7635847708,0.6882147939,0.6353492115,0.4452186079
4.621052632,0.2164009112,0.6082004556,0.5234153387,0.216403968,0.6539726139,0.6804093294,0.6257188604,0.4276817937,0.7632735738,0.6878558057,0.6352311412,0.4446744612
4.645614035,0.2152567976,0.6076283988,0.5231683921,0.2152598061,0.6535440851,0.6800404553,0.6255979218,0.4271214573,0.7629657827,0.687500866,0.6351150764,0.4441367066
4.670175439,0.2141247183,0.6070623591,0.5229253316,0.2141276796,0.6531203062,0.6796757159,0.6254790319,0.4265676931,0.7626613419,0.6871499068,0.635000972,0.4436052324
4.694736842,0.2130044843,0.6065022422,0.5226860761,0.2130073994,0.6527011987,0.6793150423,0.6253621448,0.4260203869,0.7623601972,0.6868028617,0.6348887843,0.4430799299
4.719298246,0.2118959108,0.6059479554,0.5224505466,0.2118987806,0.6522866862,0.6789583669,0.625247216,0.4254794269,0.7620622954,0.6864596656,0.6347784705,0.4425606924
4.743859649,0.2107988166,0.6053994083,0.5222186661,0.210801642,0.6518766936,0.6786056238,0.6251342021,0.4249447041,0.7617675844,0.6861202549,0.6346699893,0.4420474162
4.768421053,0.2097130243,0.6048565121,0.5219903597,0.2097158063,0.6514711478,0.6782567483,0.6250230608,0.4244161119,0.7614760133,0.6857845674,0.6345633004,0.4415399993
4.792982456,0.2086383602,0.6043191801,0.5217655542,0.2086410997,0.651069977,0.6779116775,0.6249137511,0.423893546,0.7611875323,0.6854525422,0.6344583644,0.4410383426
4.81754386,0.207574654,0.603787327,0.5215441785,0.2075773518,0.6506731109,0.6775703495,0.6248062331,0.4233769045,0.7609020925,0.6851241199,0.6343551434,0.4405423489
4.842105263,0.2065217391,0.6032608696,0.5213261631,0.2065243961,0.6502804809,0.6772327038,0.6247004679,0.4228660878,0.7606196461,0.6847992422,0.6342536002,0.4400519232
4.866666667,0.2054794521,0.602739726,0.5211114403,0.205482069,0.6498920198,0.6768986813,0.6245964177,0.4223609985,0.7603401465,0.684477852,0.6341536987,0.4395669726
4.89122807,0.2044476327,0.6022238164,0.5208999443,0.2044502104,0.6495076617,0.6765682241,0.6244940458,0.4218615413,0.7600635477,0.6841598936,0.6340554037,0.4390874063
4.915789474,0.2034261242,0.6017130621,0.5206916106,0.2034286635,0.6491273421,0.6762412755,0.6243933162,0.4213676231,0.7597898049,0.6838453123,0.633958681,0.4386131354
4.940350877,0.2024147727,0.6012073864,0.5204863765,0.2024172743,0.6487509978,0.67591778,0.6242941942,0.4208791527,0.7595188741,0.6835340548,0.6338634974,0.4381440731
4.964912281,0.2014134276,0.6007067138,0.5202841808,0.2014158922,0.6483785672,0.6755976833,0.6241966458,0.420396041,0.7592507123,0.6832260686,0.6337698204,0.4376801344
4.989473684,0.2004219409,0.6002109705,0.5200849639,0.2004243693,0.6480099896,0.6752809323,0.624100638,0.4199182007,0.7589852773,0.6829213025,0.6336776183,0.437221236
5.014035088,0.1994401679,0.599720084,0.5198886675,0.1994425609,0.6476452056,0.6749674747,0.6240061384,0.4194455465,0.7587225278,0.6826197064,0.6335868605,0.4367672966
5.038596491,0.1984679666,0.5992339833,0.5196952349,0.1984703247,0.6472841573,0.6746572597,0.6239131159,0.4189779949,0.7584624232,0.6823212311,0.633497517,0.4363182366
5.063157895,0.1975051975,0.5987525988,0.5195046105,0.1975075214,0.6469267877,0.6743502372,0.6238215398,0.418515464,0.7582049239,0.6820258285,0.6334095586,0.4358739779
5.087719298,0.1965517241,0.5982758621,0.5193167403,0.1965540146,0.646573041,0.6740463583,0.6237313804,0.4180578739,0.7579499909,0.6817334514,0.6333229569,0.4354344442
5.112280702,0.1956074125,0.5978037062,0.5191315715,0.1956096701,0.6462228625,0.6737455751,0.6236426086,0.4176051462,0.7576975862,0.6814440536,0.633237684,0.4349995609
5.136842105,0.1946721311,0.5973360656,0.5189490525,0.1946743565,0.6458761987,0.6734478405,0.6235551962,0.4171572041,0.7574476723,0.6811575898,0.6331537131,0.4345692547
5.161403509,0.1937457512,0.5968728756,0.5187691331,0.1937479449,0.6455329971,0.6731531086,0.6234691156,0.4167139727,0.7572002126,0.6808740158,0.6330710178,0.4341434541
5.185964912,0.1928281461,0.5964140731,0.518591764,0.1928303088,0.6451932061,0.6728613341,0.62338434,0.4162753784,0.7569551712,0.6805932881,0.6329895724,0.4337220888
5.210526316,0.1919191919,0.595959596,0.5184168973,0.1919213242,0.6448567754,0.6725724729,0.6233008431,0.4158413491,0.7567125128,0.680315364,0.6329093519,0.4333050903
5.235087719,0.1910187668,0.5955093834,0.5182444862,0.1910208691,0.6445236555,0.6722864817,0.6232185995,0.4154118142,0.7564722028,0.6800402018,0.6328303318,0.4328923911
5.259649123,0.1901267512,0.5950633756,0.5180744849,0.1901288242,0.6441937979,0.6720033179,0.6231375842,0.4149867046,0.7562342074,0.6797677607,0.6327524884,0.4324839254
5.284210526,0.1892430279,0.5946215139,0.5179068487,0.1892450722,0.643867155,0.6717229399,0.623057773,0.4145659527,0.7559984934,0.6794980004,0.6326757985,0.4320796285
5.30877193,0.1883674818,0.5941837409,0.5177415339,0.1883694979,0.6435436802,0.6714453068,0.6229791421,0.4141494921,0.755765028,0.6792308816,0.6326002394,0.4316794373
5.333333333,0.1875,0.59375,0.5175784978,0.1875019883,0.6432233277,0.6711703786,0.6229016685,0.4137372578,0.7555337794,0.6789663658,0.632525789,0.4312832896
5.357894737,0.1866404715,0.5933202358,0.5174176988,0.1866424326,0.6429060527,0.670898116,0.6228253295,0.413329186,0.7553047161,0.6787044152,0.6324524258,0.4308911247
5.38245614,0.1857887875,0.5928943937,0.5172590962,0.1857907219,0.642591811,0.6706284805,0.6227501032,0.4129252144,0.7550778073,0.6784449926,0.6323801287,0.430502883
5.407017544,0.184944841,0.5924724205,0.51710265,0.1849467492,0.6422805597,0.6703614344,0.6226759681,0.4125252817,0.7548530229,0.6781880617,0.6323088772,0.4301185061
5.431578947,0.1841085271,0.5920542636,0.5169483214,0.1841104095,0.6419722562,0.6700969404,0.6226029032,0.4121293279,0.7546303331,0.6779335867,0.6322386512,0.4297379369
5.456140351,0.1832797428,0.5916398714,0.5167960724,0.1832815998,0.641666859,0.6698349624,0.6225308881,0.4117372943,0.7544097088,0.6776815327,0.6321694312,0.4293611191
5.480701754,0.1824583867,0.5912291933,0.5166458657,0.1824602189,0.6413643273,0.6695754645,0.6224599029,0.4113491231,0.7541911214,0.6774318654,0.6321011981,0.4289879977
5.505263158,0.1816443595,0.5908221797,0.516497665,0.1816461673,0.641064621,0.6693184119,0.6223899278,0.4109647577,0.753974543,0.6771845509,0.6320339332,0.4286185189
5.529824561,0.1808375635,0.5904187817,0.5163514348,0.1808393473,0.6407677009,0.6690637701,0.6223209441,0.4105841429,0.7537599459,0.6769395563,0.6319676184,0.4282526296
5.554385965,0.1800379027,0.5900189514,0.5162071401,0.180039663,0.6404735284,0.6688115054,0.622252933,0.410207224,0.7535473031,0.676696849,0.6319022358,0.427890278
5.578947368,0.179245283,0.5896226415,0.5160647471,0.1792470201,0.6401820655,0.6685615849,0.6221858763,0.4098339479,0.7533365881,0.6764563973,0.6318377681,0.4275314132
5.603508772,0.1784596118,0.5892298059,0.5159242225,0.1784613261,0.6398932752,0.6683139759,0.6221197565,0.4094642622,0.7531277748,0.6762181698,0.6317741982,0.4271759853
5.628070175,0.177680798,0.588840399,0.5157855336,0.17768249,0.6396071209,0.6680686466,0.622054556,0.4090981155,0.7529208376,0.6759821359,0.6317115097,0.4268239451
5.652631579,0.1769087523,0.5884543762,0.5156486488,0.1769104224,0.6393235668,0.6678255657,0.6219902579,0.4087354576,0.7527157513,0.6757482654,0.6316496863,0.4264752448
5.677192982,0.1761433869,0.5880716934,0.5155135367,0.1761450354,0.6390425776,0.6675847025,0.6219268458,0.4083762389,0.7525124912,0.6755165287,0.6315887122,0.4261298371
5.701754386,0.1753846154,0.5876923077,0.5153801671,0.1753862427,0.6387641189,0.6673460268,0.6218643034,0.408020411,0.7523110332,0.6752868969,0.631528572,0.4257876757
5.726315789,0.1746323529,0.5873161765,0.5152485099,0.1746339594,0.6384881566,0.667109509,0.621802615,0.4076679262,0.7521113532,0.6750593414,0.6314692504,0.4254487152
5.750877193,0.1738865162,0.5869432581,0.515118536,0.1738881021,0.6382146574,0.6668751201,0.621741765,0.407318738,0.751913428,0.6748338341,0.6314107328,0.4251129111
5.775438596,0.1731470231,0.5865735115,0.5149902169,0.1731485889,0.6379435885,0.6666428313,0.6216817385,0.4069728005,0.7517172345,0.6746103476,0.6313530047,0.4247802196
5.8,0.1724137931,0.5862068966,0.5148635246,0.1724153391,0.6376749179,0.6664126147,0.6216225205,0.4066300686,0.7515227501,0.6743888549,0.6312960519,0.4244505977
5.824561404,0.171686747,0.5858433735,0.5147384316,0.1716882735,0.6374086138,0.6661844427,0.6215640968,0.4062904981,0.7513299526,0.6741693293,0.6312398607,0.4241240033
5.849122807,0.1709658068,0.5854829034,0.5146149113,0.1709673142,0.6371446452,0.6659582882,0.6215064531,0.4059540458,0.7511388202,0.6739517449,0.6311844175,0.4238003949
5.873684211,0.1702508961,0.585125448,0.5144929372,0.1702523846,0.6368829816,0.6657341246,0.6214495757,0.4056206691,0.7509493314,0.6737360761,0.6311297092,0.423479732
5.898245614,0.1695419393,0.5847709697,0.5143724838,0.1695434093,0.6366235929,0.6655119257,0.6213934511,0.405290326,0.750761465,0.6735222976,0.6310757229,0.4231619745
5.922807018,0.1688388626,0.5844194313,0.5142535259,0.1688403143,0.6363664497,0.665291666,0.621338066,0.4049629756,0.7505752005,0.6733103847,0.6310224458,0.4228470833
5.947368421,0.1681415929,0.5840707965,0.5141360387,0.1681430268,0.6361115231,0.66507332,0.6212834076,0.4046385775,0.7503905173,0.6731003132,0.6309698657,0.4225350199
5.971929825,0.1674500588,0.5837250294,0.5140199982,0.167451475,0.6358587845,0.6648568631,0.6212294632,0.4043170922,0.7502073955,0.6728920592,0.6309179704,0.4222257465
5.996491228,0.1667641896,0.5833820948,0.5139053808,0.1667655885,0.635608206,0.6646422709,0.6211762204,0.4039984807,0.7500258153,0.6726855992,0.6308667482,0.4219192258
6.021052632,0.1660839161,0.583041958,0.5137921631,0.166085298,0.6353597601,0.6644295193,0.6211236672,0.4036827048,0.7498457574,0.6724809101,0.6308161874,0.4216154215
6.045614035,0.1654091701,0.582704585,0.5136803226,0.1654105351,0.6351134196,0.6642185849,0.6210717918,0.4033697269,0.7496672028,0.6722779693,0.6307662767,0.4213142977
6.070175439,0.1647398844,0.5823699422,0.5135698369,0.164741233,0.634869158,0.6640094444,0.6210205824,0.4030595102,0.7494901326,0.6720767545,0.630717005,0.4210158191
6.094736842,0.1640759931,0.5820379965,0.5134606844,0.1640773254,0.6346269492,0.6638020752,0.6209700279,0.4027520184,0.7493145286,0.6718772438,0.6306683615,0.4207199511
6.119298246,0.1634174312,0.5817087156,0.5133528435,0.1634187476,0.6343867674,0.6635964548,0.6209201171,0.402447216,0.7491403724,0.6716794156,0.6306203356,0.4204266597
6.143859649,0.1627641348,0.5813820674,0.5132462935,0.1627654354,0.6341485873,0.6633925613,0.6208708391,0.4021450678,0.7489676465,0.6714832487,0.6305729169,0.4201359115
6.168421053,0.162116041,0.5810580205,0.5131410137,0.1621173261,0.6339123841,0.6631903729,0.6208221832,0.4018455396,0.7487963331,0.6712887224,0.6305260951,0.4198476737
6.192982456,0.1614730878,0.5807365439,0.5130369841,0.1614743578,0.6336781333,0.6629898685,0.6207741392,0.4015485975,0.7486264151,0.6710958162,0.6304798603,0.4195619139
6.21754386,0.1608352144,0.5804176072,0.5129341849,0.1608364694,0.6334458108,0.6627910271,0.6207266968,0.4012542082,0.7484578755,0.6709045099,0.6304342028,0.4192786004
6.242105263,0.1602023609,0.5801011804,0.5128325969,0.1602036011,0.633215393,0.6625938281,0.6206798459,0.4009623392,0.7482906977,0.6707147837,0.6303891129,0.418997702
6.266666667,0.1595744681,0.579787234,0.512732201,0.1595756938,0.6329868566,0.6623982513,0.6206335768,0.4006729583,0.748124865,0.6705266181,0.6303445814,0.418719188
6.29122807,0.158951478,0.579475739,0.5126329787,0.1589526893,0.6327601787,0.6622042767,0.62058788,0.4003860339,0.7479603616,0.670339994,0.630300599,0.4184430283
6.315789474,0.1583333333,0.5791666667,0.5125349118,0.1583345306,0.6325353367,0.6620118848,0.6205427461,0.400101535,0.7477971713,0.6701548925,0.6302571568,0.4181691932
6.340350877,0.1577199779,0.5788599889,0.5124379824,0.1577211613,0.6323123085,0.6618210563,0.6204981658,0.399819431,0.7476352786,0.6699712951,0.6302142459,0.4178976535
6.364912281,0.1571113561,0.5785556781,0.5123421729,0.1571125259,0.6320910723,0.6616317723,0.6204541301,0.3995396921,0.7474746681,0.6697891835,0.6301718578,0.4176283807
6.389473684,0.1565074135,0.5782537068,0.5122474662,0.1565085699,0.6318716066,0.661444014,0.6204106303,0.3992622886,0.7473153245,0.6696085398,0.630129984,0.4173613464
6.414035088,0.1559080963,0.5779540481,0.5121538455,0.1559092394,0.6316538902,0.6612577632,0.6203676577,0.3989871915,0.7471572331,0.6694293463,0.6300886162,0.417096523
6.438596491,0.1553133515,0.5776566757,0.5120612941,0.1553144816,0.6314379024,0.6610730018,0.6203252037,0.3987143723,0.747000379,0.6692515857,0.6300477463,0.4168338832
6.463157895,0.154723127,0.5773615635,0.5119697959,0.1547242443,0.6312236227,0.6608897119,0.6202832602,0.3984438028,0.7468447479,0.6690752407,0.6300073664,0.4165734001
6.487719298,0.1541373716,0.5770686858,0.5118793349,0.1541384762,0.6310110309,0.6607078762,0.6202418189,0.3981754556,0.7466903254,0.6689002947,0.6299674686,0.4163150473
6.512280702,0.1535560345,0.5767780172,0.5117898956,0.1535571266,0.6308001073,0.6605274774,0.620200872,0.3979093033,0.7465370976,0.668726731,0.6299280453,0.4160587989
6.536842105,0.152979066,0.576489533,0.5117014625,0.1529801459,0.6305908322,0.6603484985,0.6201604115,0.3976453193,0.7463850507,0.6685545333,0.6298890891,0.4158046294
6.561403509,0.1524064171,0.5762032086,0.5116140207,0.1524074849,0.6303831866,0.6601709228,0.6201204298,0.3973834773,0.7462341711,0.6683836856,0.6298505925,0.4155525135
6.585964912,0.1518380394,0.5759190197,0.5115275554,0.1518390953,0.6301771514,0.659994734,0.6200809194,0.3971237513,0.7460844454,0.668214172,0.6298125484,0.4153024266
6.610526316,0.1512738854,0.5756369427,0.5114420522,0.1512749295,0.629972708,0.6598199159,0.6200418729,0.3968661159,0.7459358605,0.6680459771,0.6297749498,0.4150543443
6.635087719,0.150713908,0.575356954,0.5113574967,0.1507149406,0.6297698381,0.6596464526,0.6200032832,0.3966105461,0.7457884032,0.6678790854,0.6297377897,0.4148082426
6.659649123,0.1501580611,0.5750790306,0.511273875,0.1501590824,0.6295685236,0.6594743283,0.619965143,0.3963570172,0.745642061,0.6677134819,0.6297010613,0.4145640981
6.684210526,0.1496062992,0.5748031496,0.5111911735,0.1496073092,0.6293687467,0.6593035277,0.6199274455,0.3961055049,0.7454968211,0.6675491518,0.629664758,0.4143218874
6.70877193,0.1490585774,0.5745292887,0.5111093787,0.1490595764,0.62917049,0.6591340355,0.6198901839,0.3958559853,0.7453526712,0.6673860805,0.6296288732,0.4140815878
6.733333333,0.1485148515,0.5742574257,0.5110284773,0.1485158396,0.6289737361,0.6589658368,0.6198533514,0.3956084349,0.745209599,0.6672242535,0.6295934005,0.4138431767
6.757894737,0.1479750779,0.5739875389,0.5109484565,0.1479760552,0.628778468,0.6587989169,0.6198169415,0.3953628306,0.7450675926,0.6670636567,0.6295583337,0.4136066321
6.78245614,0.1474392137,0.5737196068,0.5108693034,0.1474401804,0.6285846691,0.6586332613,0.6197809478,0.3951191495,0.74492664,0.666904276,0.6295236666,0.4133719321
6.807017544,0.1469072165,0.5734536082,0.5107910056,0.1469081728,0.6283923228,0.6584688556,0.619745364,0.3948773693,0.7447867297,0.6667460978,0.6294893931,0.4131390554
6.831578947,0.1463790447,0.5731895223,0.5107135508,0.1463799907,0.6282014129,0.6583056857,0.6197101839,0.3946374678,0.74464785,0.6665891085,0.6294555074,0.4129079807
6.856140351,0.1458546571,0.5729273286,0.510636927,0.145855593,0.6280119233,0.6581437379,0.6196754013,0.3943994233,0.7445099896,0.6664332948,0.6294220035,0.4126786873
6.880701754,0.1453340133,0.5726670066,0.5105611223,0.1453349392,0.6278238384,0.6579829984,0.6196410104,0.3941632144,0.7443731374,0.6662786435,0.6293888758,0.4124511547
6.905263158,0.1448170732,0.5724085366,0.510486125,0.1448179893,0.6276371425,0.6578234538,0.6196070053,0.39392882,0.7442372824,0.6661251416,0.6293561187,0.4122253628
6.929824561,0.1443037975,0.5721518987,0.5104119238,0.1443047039,0.6274518204,0.6576650907,0.6195733802,0.3936962194,0.7441024136,0.6659727764,0.6293237267,0.4120012917
6.954385965,0.1437941473,0.5718970737,0.5103385074,0.1437950441,0.627267857,0.6575078963,0.6195401295,0.393465392,0.7439685205,0.6658215353,0.6292916943,0.4117789218
6.978947368,0.1432880845,0.5716440422,0.5102658647,0.1432889718,0.6270852374,0.6573518575,0.6195072477,0.3932363177,0.7438355925,0.665671406,0.6292600163,0.4115582339
7.003508772,0.1427855711,0.5713927856,0.510193985,0.1427864492,0.626903947,0.6571969617,0.6194747294,0.3930089767,0.7437036191,0.6655223762,0.6292286875,0.4113392091
7.028070175,0.1422865701,0.5711432851,0.5101228577,0.1422874391,0.6267239713,0.6570431964,0.6194425691,0.3927833495,0.7435725901,0.6653744339,0.6291977027,0.4111218285
7.052631579,0.1417910448,0.5708955224,0.5100524721,0.1417919046,0.6265452961,0.6568905492,0.6194107618,0.3925594168,0.7434424955,0.6652275673,0.629167057,0.4109060738
7.077192982,0.1412989588,0.5706494794,0.5099828181,0.1412998098,0.6263679074,0.6567390081,0.6193793022,0.3923371597,0.7433133252,0.6650817646,0.6291367454,0.4106919269
7.101754386,0.1408102767,0.5704051383,0.5099138856,0.1408111188,0.6261917914,0.656588561,0.6193481853,0.3921165593,0.7431850696,0.6649370143,0.629106763,0.4104793699
7.126315789,0.1403249631,0.5701624815,0.5098456646,0.1403257965,0.6260169344,0.6564391962,0.6193174062,0.3918975975,0.7430577188,0.6647933052,0.6290771052,0.4102683851
7.150877193,0.1398429833,0.5699214917,0.5097781453,0.1398438082,0.625843323,0.6562909021,0.6192869599,0.3916802559,0.7429312634,0.664650626,0.6290477673,0.4100589554
7.175438596,0.1393643032,0.5696821516,0.5097113183,0.1393651196,0.6256709439,0.6561436671,0.6192568418,0.3914645168,0.742805694,0.6645089657,0.6290187446,0.4098510634
7.2,0.1388888889,0.5694444444,0.509645174,0.138889697,0.6254997842,0.65599748,0.619227047,0.3912503626,0.7426810012,0.6643683134,0.6289900328,0.4096446925
7.224561404,0.1384167071,0.5692083536,0.5095797031,0.1384175071,0.6253298309,0.6558523296,0.6191975711,0.3910377758,0.742557176,0.6642286585,0.6289616273,0.409439826
7.249122807,0.1379477251,0.5689738625,0.5095148967,0.1379485169,0.6251610713,0.655708205,0.6191684094,0.3908267394,0.7424342093,0.6640899902,0.6289335238,0.4092364475
7.273684211,0.1374819103,0.5687409551,0.5094507456,0.1374826941,0.6249934929,0.6555650953,0.6191395576,0.3906172365,0.7423120922,0.6639522984,0.6289057181,0.4090345409
7.298245614,0.1370192308,0.5685096154,0.5093872411,0.1370200067,0.6248270835,0.6554229899,0.6191110112,0.3904092505,0.742190816,0.6638155725,0.628878206,0.4088340904
7.322807018,0.136559655,0.5682798275,0.5093243746,0.1365604232,0.6246618307,0.6552818783,0.619082766,0.3902027651,0.742070372,0.6636798026,0.6288509833,0.4086350802
7.347368421,0.1361031519,0.5680515759,0.5092621375,0.1361039123,0.6244977226,0.6551417499,0.6190548178,0.3899977641,0.7419507517,0.6635449787,0.6288240461,0.408437495
7.371929825,0.1356496906,0.5678248453,0.5092005214,0.1356504435,0.6243347475,0.6550025948,0.6190271623,0.3897942316,0.7418319466,0.6634110909,0.6287973903,0.4082413194
7.396491228,0.135199241,0.5675996205,0.5091395182,0.1351999864,0.6241728935,0.6548644026,0.6189997957,0.389592152,0.7417139485,0.6632781294,0.6287710121,0.4080465386
7.421052632,0.134751773,0.5673758865,0.5090791196,0.1347525111,0.6240121492,0.6547271635,0.6189727137,0.3893915096,0.7415967492,0.6631460848,0.6287449075,0.4078531376
7.445614035,0.1343072573,0.5671536287,0.5090193178,0.1343079881,0.6238525032,0.6545908677,0.6189459125,0.3891922894,0.7414803406,0.6630149475,0.6287190729,0.407661102
7.470175439,0.1338656646,0.5669328323,0.5089601049,0.1338663882,0.6236939444,0.6544555054,0.6189193883,0.3889944763,0.7413647147,0.6628847083,0.6286935045,0.4074704173
7.494736842,0.1334269663,0.5667134831,0.5089014733,0.1334276828,0.6235364616,0.6543210672,0.6188931373,0.3887980555,0.7412498636,0.662755358,0.6286681987,0.4072810694
7.519298246,0.1329911339,0.566495567,0.5088434152,0.1329918434,0.623380044,0.6541875435,0.6188671556,0.3886030123,0.7411357796,0.6626268875,0.6286431519,0.4070930442
7.543859649,0.1325581395,0.5662790698,0.5087859233,0.1325588421,0.6232246808,0.6540549252,0.6188414397,0.3884093324,0.7410224551,0.6624992878,0.6286183606,0.406906328
7.568421053,0.1321279555,0.5660639777,0.5087289902,0.1321286513,0.6230703615,0.653923203,0.6188159859,0.3882170015,0.7409098825,0.6623725502,0.6285938213,0.4067209072
7.592982456,0.1317005545,0.5658502773,0.5086726088,0.1317012436,0.6229170754,0.6537923679,0.6187907906,0.3880260056,0.7407980543,0.6622466659,0.6285695306,0.4065367684
7.61754386,0.1312759097,0.5656379549,0.5086167718,0.1312765921,0.6227648124,0.653662411,0.6187658505,0.387836331,0.7406869632,0.6621216264,0.6285454852,0.4063538983
7.642105263,0.1308539945,0.5654269972,0.5085614724,0.1308546703,0.6226135621,0.6535333234,0.6187411621,0.387647964,0.7405766019,0.6619974232,0.6285216818,0.406172284
7.666666667,0.1304347826,0.5652173913,0.5085067036,0.130435452,0.6224633147,0.6534050965,0.6187167219,0.3874608911,0.7404669633,0.6618740479,0.6284981172,0.4059919124
7.69122807,0.1300182482,0.5650091241,0.5084524586,0.1300189111,0.62231406,0.6532777217,0.6186925267,0.3872750991,0.7403580402,0.6617514923,0.6284747881,0.405812771
7.715789474,0.1296043656,0.5648021828,0.5083987309,0.1296050223,0.6221657884,0.6531511906,0.6186685733,0.3870905749,0.7402498258,0.6616297482,0.6284516914,0.4056348473
7.740350877,0.1291931097,0.5645965549,0.5083455138,0.1291937601,0.6220184901,0.6530254947,0.6186448583,0.3869073056,0.740142313,0.6615088076,0.6284288242,0.4054581288
7.764912281,0.1287844555,0.5643922277,0.508292801,0.1287850998,0.6218721556,0.6529006259,0.6186213788,0.3867252785,0.7400354952,0.6613886626,0.6284061832,0.4052826034
7.789473684,0.1283783784,0.5641891892,0.5082405859,0.1283790166,0.6217267756,0.6527765761,0.6185981314,0.3865444811,0.7399293656,0.6612693054,0.6283837657,0.405108259
7.814035088,0.1279748541,0.563987427,0.5081888625,0.1279754863,0.6215823407,0.6526533371,0.6185751133,0.3863649008,0.7398239175,0.6611507283,0.6283615686,0.4049350839
7.838596491,0.1275738585,0.5637869293,0.5081376246,0.1275744848,0.6214388417,0.6525309011,0.6185523214,0.3861865256,0.7397191445,0.6610329235,0.628339589,0.4047630662
7.863157895,0.1271753681,0.5635876841,0.508086866,0.1271759886,0.6212962695,0.6524092603,0.6185297528,0.3860093433,0.7396150401,0.6609158837,0.6283178242,0.4045921945
7.887719298,0.1267793594,0.5633896797,0.5080365809,0.1267799741,0.6211546153,0.6522884069,0.6185074045,0.3858333421,0.7395115978,0.6607996014,0.6282962713,0.4044224574
7.912280702,0.1263858093,0.5631929047,0.5079867634,0.1263864183,0.6210138703,0.6521683334,0.6184852737,0.3856585102,0.7394088115,0.6606840692,0.6282749276,0.4042538435
7.936842105,0.125994695,0.5629973475,0.5079374076,0.1259952983,0.6208740256,0.6520490322,0.6184633576,0.385484836,0.7393066749,0.66056928,0.6282537904,0.4040863419
7.961403509,0.1256059938,0.5628029969,0.5078885079,0.1256065916,0.6207350727,0.6519304959,0.6184416534,0.3853123081,0.7392051818,0.6604552265,0.6282328571,0.4039199416
7.985964912,0.1252196837,0.5626098418,0.5078400587,0.1252202759,0.6205970031,0.6518127171,0.6184201584,0.3851409151,0.7391043262,0.6603419018,0.628212125,0.4037546317
8.010526316,0.1248357424,0.5624178712,0.5077920546,0.1248363293,0.6204598084,0.6516956887,0.61839887,0.3849706461,0.7390041021,0.6602292989,0.6281915916,0.4035904016
8.035087719,0.1244541485,0.5622270742,0.5077444899,0.1244547299,0.6203234804,0.6515794035,0.6183777854,0.3848014899,0.7389045036,0.6601174109,0.6281712543,0.4034272407
8.059649123,0.1240748803,0.5620374401,0.5076973594,0.1240754564,0.6201880108,0.6514638544,0.6183569021,0.3846334358,0.7388055248,0.660006231,0.6281511107,0.4032651387
8.084210526,0.1236979167,0.5618489583,0.5076506579,0.1236984876,0.6200533917,0.6513490345,0.6183362176,0.3844664729,0.7387071601,0.6598957525,0.6281311583,0.4031040854
8.10877193,0.1233232367,0.5616616183,0.5076043801,0.1233238024,0.6199196149,0.6512349369,0.6183157293,0.3843005908,0.7386094036,0.6597859689,0.6281113946,0.4029440705
8.133333333,0.1229508197,0.5614754098,0.507558521,0.1229513803,0.6197866727,0.6511215547,0.6182954348,0.384135779,0.7385122499,0.6596768735,0.6280918174,0.4027850841
8.157894737,0.1225806452,0.5612903226,0.5075130754,0.1225812007,0.6196545572,0.6510088814,0.6182753316,0.3839720271,0.7384156933,0.65956846,0.6280724243,0.4026271163
8.18245614,0.122212693,0.5611063465,0.5074680385,0.1222132436,0.6195232608,0.6508969103,0.6182554173,0.3838093251,0.7383197283,0.6594607219,0.628053213,0.4024701574
8.207017544,0.1218469431,0.5609234716,0.5074234053,0.1218474888,0.619392776,0.6507856349,0.6182356896,0.3836476629,0.7382243495,0.659353653,0.6280341811,0.4023141977
8.231578947,0.121483376,0.560741688,0.507379171,0.1214839168,0.6192630951,0.6506750486,0.6182161461,0.3834870306,0.7381295516,0.6592472471,0.6280153266,0.4021592278
8.256140351,0.121121972,0.560560986,0.507335331,0.1211225079,0.6191342108,0.6505651451,0.6181967846,0.3833274183,0.7380353293,0.659141498,0.6279966472,0.4020052383
8.280701754,0.1207627119,0.5603813559,0.5072918804,0.1207632431,0.6190061159,0.6504559181,0.6181776029,0.3831688164,0.7379416773,0.6590363997,0.6279781407,0.4018522199
8.305263158,0.1204055767,0.5602027883,0.5072488148,0.1204061032,0.618878803,0.6503473614,0.6181585986,0.3830112154,0.7378485905,0.6589319461,0.627959805,0.4017001635
8.329824561,0.1200505476,0.5600252738,0.5072061296,0.1200510695,0.618752265,0.6502394689,0.6181397697,0.3828546059,0.7377560638,0.6588281315,0.6279416381,0.40154906
8.354385965,0.119697606,0.559848803,0.5071638204,0.1196981233,0.618626495,0.6501322344,0.6181211139,0.3826989785,0.7376640922,0.6587249498,0.6279236377,0.4013989005
8.378947368,0.1193467337,0.5596733668,0.5071218826,0.1193472464,0.6185014859,0.650025652,0.6181026292,0.382544324,0.7375726707,0.6586223954,0.6279058021,0.4012496763
8.403508772,0.1189979123,0.5594989562,0.5070803121,0.1189984206,0.6183772309,0.6499197157,0.6180843134,0.3823906334,0.7374817943,0.6585204626,0.627888129,0.4011013786
8.428070175,0.1186511241,0.559325562,0.5070391044,0.1186516279,0.6182537231,0.6498144197,0.6180661646,0.3822378978,0.7373914582,0.6584191457,0.6278706166,0.4009539988
8.452631579,0.1183063512,0.5591531756,0.5069982555,0.1183068506,0.6181309559,0.6497097582,0.6180481807,0.3820861081,0.7373016577,0.6583184391,0.6278532629,0.4008075284
8.477192982,0.1179635762,0.5589817881,0.5069577611,0.1179640713,0.6180089226,0.6496057255,0.6180303596,0.3819352558,0.7372123879,0.6582183374,0.627836066,0.4006619591
8.501754386,0.1176227817,0.5588113908,0.5069176171,0.1176232725,0.6178876167,0.6495023159,0.6180126996,0.3817853321,0.7371236441,0.6581188352,0.627819024,0.4005172827
8.526315789,0.1172839506,0.5586419753,0.5068778196,0.1172844372,0.6177670316,0.6493995239,0.6179951985,0.3816363286,0.7370354218,0.658019927,0.6278021351,0.4003734908
8.550877193,0.1169470661,0.558473533,0.5068383646,0.1169475485,0.6176471611,0.649297344,0.6179778546,0.3814882368,0.7369477164,0.6579216076,0.6277853974,0.4002305754
8.575438596,0.1166121113,0.5583060556,0.506799248,0.1166125896,0.6175279987,0.6491957706,0.6179606659,0.3813410484,0.7368605232,0.6578238717,0.6277688092,0.4000885287
8.6,0.1162790698,0.5581395349,0.5067604662,0.116279544,0.6174095382,0.6490947985,0.6179436306,0.3811947551,0.7367738379,0.6577267141,0.6277523686,0.3999473425
8.624561404,0.1159479251,0.5579739626,0.5067220152,0.1159483953,0.6172917734,0.6489944223,0.6179267469,0.3810493489,0.7366876561,0.6576301298,0.6277360739,0.3998070093
8.649122807,0.1156186613,0.5578093306,0.5066838913,0.1156191274,0.6171746983,0.6488946367,0.617910013,0.3809048216,0.7366019733,0.6575341137,0.6277199235,0.3996675213
8.673684211,0.1152912621,0.5576456311,0.5066460909,0.1152917244,0.6170583068,0.6487954366,0.6178934271,0.3807611655,0.7365167852,0.6574386607,0.6277039155,0.3995288708
8.698245614,0.114965712,0.557482856,0.5066086102,0.1149661703,0.6169425929,0.6486968167,0.6178769875,0.3806183725,0.7364320876,0.657343766,0.6276880484,0.3993910504
8.722807018,0.1146419952,0.5573209976,0.5065714456,0.1146424496,0.6168275508,0.6485987722,0.6178606925,0.3804764351,0.7363478762,0.6572494247,0.6276723205,0.3992540527
8.747368421,0.1143200963,0.5571600481,0.5065345937,0.1143205469,0.6167131745,0.6485012978,0.6178445404,0.3803353455,0.7362641469,0.6571556319,0.6276567301,0.3991178703
8.771929825,0.114,0.557,0.5064980509,0.1140004469,0.6165994585,0.6484043888,0.6178285294,0.3801950962,0.7361808956,0.6570623828,0.6276412757,0.398982496
8.796491228,0.1136816913,0.5568408456,0.5064618138,0.1136821344,0.6164863968,0.6483080401,0.6178126581,0.3800556797,0.7360981181,0.6569696728,0.6276259557,0.3988479226
8.821052632,0.1133651551,0.5566825776,0.506425879,0.1133655946,0.6163739841,0.6482122469,0.6177969247,0.3799170887,0.7360158105,0.6568774972,0.6276107685,0.398714143
8.845614035,0.1130503768,0.5565251884,0.5063902431,0.1130508126,0.6162622145,0.6481170045,0.6177813276,0.3797793158,0.7359339687,0.6567858514,0.6275957127,0.3985811503
8.870175439,0.1127373418,0.5563686709,0.5063549028,0.112737774,0.6161510828,0.648022308,0.6177658654,0.3796423538,0.7358525888,0.6566947309,0.6275807866,0.3984489374
8.894736842,0.1124260355,0.5562130178,0.5063198549,0.1124264641,0.6160405833,0.6479281529,0.6177505364,0.3795061956,0.7357716669,0.656604131,0.6275659888,0.3983174977
8.919298246,0.1121164437,0.5560582219,0.5062850961,0.1121168688,0.6159307109,0.6478345345,0.6177353392,0.3793708342,0.7356911991,0.6565140475,0.6275513179,0.3981868243
8.943859649,0.1118085524,0.5559042762,0.5062506233,0.111808974,0.61582146,0.6477414483,0.6177202721,0.3792362625,0.7356111817,0.6564244758,0.6275367724,0.3980569106
8.968421053,0.1115023474,0.5557511737,0.5062164334,0.1115027656,0.6157128256,0.6476488896,0.6177053338,0.3791024738,0.7355316109,0.6563354117,0.6275223508,0.39792775
8.992982456,0.1111978151,0.5555989075,0.5061825232,0.1111982298,0.6156048023,0.6475568541,0.6176905228,0.3789694612,0.7354524829,0.6562468508,0.6275080518,0.3977993359
9.01754386,0.1108949416,0.5554474708,0.5061488897,0.110895353,0.6154973851,0.6474653372,0.6176758376,0.378837218,0.7353737941,0.6561587889,0.6274938741,0.3976716619
9.042105263,0.1105937136,0.5552968568,0.5061155299,0.1105941216,0.6153905688,0.6473743348,0.6176612769,0.3787057376,0.7352955407,0.6560712218,0.6274798161,0.3975447216
9.066666667,0.1102941176,0.5551470588,0.5060824408,0.1102945224,0.6152843485,0.6472838423,0.6176468391,0.3785750133,0.7352177193,0.6559841453,0.6274658766,0.3974185088
9.09122807,0.1099961405,0.5549980702,0.5060496196,0.1099965419,0.6151787192,0.6471938556,0.617632523,0.3784450388,0.7351403263,0.6558975554,0.6274520543,0.3972930172
9.115789474,0.1096997691,0.5548498845,0.5060170633,0.1097001672,0.6150736759,0.6471043704,0.6176183271,0.3783158075,0.735063358,0.6558114478,0.6274383477,0.3971682406
9.140350877,0.1094049904,0.5547024952,0.5059847692,0.1094053854,0.6149692138,0.6470153826,0.6176042502,0.3781873131,0.7349868111,0.6557258188,0.6274247558,0.397044173
9.164912281,0.1091117917,0.5545558959,0.5059527343,0.1091121836,0.6148653281,0.646926888,0.6175902909,0.3780595494,0.7349106821,0.6556406641,0.6274112771,0.3969208084
9.189473684,0.1088201604,0.5544100802,0.5059209559,0.1088205491,0.6147620141,0.6468388825,0.6175764479,0.3779325101,0.7348349675,0.65555598,0.6273979105,0.3967981407
9.214035088,0.1085300838,0.5542650419,0.5058894314,0.1085304694,0.614659267,0.646751362,0.6175627199,0.3778061892,0.7347596641,0.6554717626,0.6273846546,0.3966761642
9.238596491,0.1082415496,0.5541207748,0.5058581579,0.1082419321,0.6145570822,0.6466643227,0.6175491056,0.3776805805,0.7346847684,0.6553880079,0.6273715083,0.3965548729
9.263157895,0.1079545455,0.5539772727,0.5058271329,0.1079549249,0.614455455,0.6465777605,0.6175356039,0.377555678,0.7346102771,0.6553047122,0.6273584704,0.3964342612
9.287719298,0.1076690593,0.5538345297,0.5057963537,0.1076694358,0.6143543811,0.6464916715,0.6175222134,0.3774314759,0.7345361871,0.6552218718,0.6273455396,0.3963143233
9.312280702,0.1073850791,0.5536925396,0.5057658177,0.1073854526,0.6142538557,0.6464060519,0.6175089329,0.3773079682,0.734462495,0.6551394828,0.6273327148,0.3961950537
9.336842105,0.107102593,0.5535512965,0.5057355224,0.1071029636,0.6141538746,0.6463208978,0.6174957613,0.3771851492,0.7343891977,0.6550575417,0.6273199949,0.3960764468
9.361403509,0.1068215892,0.5534107946,0.5057054652,0.1068219569,0.6140544332,0.6462362055,0.6174826973,0.3770630131,0.734316292,0.6549760448,0.6273073787,0.395958497
9.385964912,0.1065420561,0.553271028,0.5056756437,0.1065424209,0.6139555273,0.6461519711,0.6174697398,0.3769415542,0.7342437747,0.6548949885,0.6272948651,0.3958411989
9.410526316,0.1062639821,0.5531319911,0.5056460554,0.106264344,0.6138571525,0.6460681911,0.6174568876,0.3768207671,0.7341716428,0.6548143692,0.627282453,0.3957245472
9.435087719,0.1059873559,0.5529936779,0.5056166979,0.105987715,0.6137593045,0.6459848617,0.6174441397,0.376700646,0.7340998933,0.6547341834,0.6272701412,0.3956085365
9.459649123,0.1057121662,0.5528560831,0.5055875687,0.1057125225,0.6136619792,0.6459019793,0.6174314948,0.3765811855,0.734028523,0.6546544276,0.6272579288,0.3954931615
9.484210526,0.1054384018,0.5527192009,0.5055586656,0.1054387553,0.6135651724,0.6458195403,0.6174189518,0.3764623803,0.733957529,0.6545750984,0.6272458145,0.3953784171
9.50877193,0.1051660517,0.5525830258,0.5055299861,0.1051664025,0.6134688799,0.6457375412,0.6174065097,0.3763442248,0.7338869084,0.6544961923,0.6272337975,0.3952642981
9.533333333,0.1048951049,0.5524475524,0.505501528,0.104895453,0.6133730977,0.6456559784,0.6173941675,0.3762267139,0.7338166581,0.654417706,0.6272218766,0.3951507995
9.557894737,0.1046255507,0.5523127753,0.5054732891,0.1046258961,0.6132778217,0.6455748486,0.6173819239,0.3761098422,0.7337467753,0.6543396361,0.6272100509,0.3950379161
9.58245614,0.1043573782,0.5521786891,0.505445267,0.1043577211,0.6131830479,0.6454941482,0.617369778,0.3759936046,0.7336772571,0.6542619794,0.6271983193,0.394925643
9.607017544,0.1040905771,0.5520452885,0.5054174595,0.1040909172,0.6130887723,0.6454138738,0.6173577288,0.3758779959,0.7336081006,0.6541847326,0.6271866808,0.3948139752
9.631578947,0.1038251366,0.5519125683,0.5053898645,0.1038254742,0.6129949911,0.6453340222,0.6173457752,0.3757630111,0.7335393031,0.6541078924,0.6271751344,0.3947029079
9.656140351,0.1035610465,0.5517805233,0.5053624799,0.1035613815,0.6129017004,0.6452545899,0.6173339162,0.3756486451,0.7334708617,0.6540314556,0.6271636792,0.3945924363
9.680701754,0.1032982965,0.5516491482,0.5053353034,0.103298629,0.6128088963,0.6451755738,0.6173221508,0.3755348929,0.7334027738,0.653955419,0.6271523143,0.3944825556
9.705263158,0.1030368764,0.5515184382,0.5053083329,0.1030372063,0.612716575,0.6450969704,0.617310478,0.3754217497,0.7333350365,0.6538797796,0.6271410386,0.394373261
9.729824561,0.1027767761,0.551388388,0.5052815665,0.1027771035,0.6126247329,0.6450187766,0.6172988969,0.3753092105,0.7332676472,0.6538045343,0.6271298512,0.3942645479
9.754385965,0.1025179856,0.5512589928,0.505255002,0.1025183106,0.6125333661,0.6449409892,0.6172874065,0.3751972706,0.7332006031,0.6537296798,0.6271187513,0.3941564117
9.778947368,0.1022604952,0.5511302476,0.5052286374,0.1022608177,0.6124424709,0.6448636051,0.6172760059,0.3750859251,0.7331339018,0.6536552133,0.6271077379,0.3940488478
9.803508772,0.1020042949,0.5510021475,0.5052024707,0.1020046151,0.6123520439,0.644786621,0.6172646941,0.3749751694,0.7330675404,0.6535811317,0.62709681,0.3939418516
9.828070175,0.1017493752,0.5508746876,0.5051765,0.101749693,0.6122620813,0.644710034,0.6172534703,0.3748649988,0.7330015165,0.6535074321,0.627085967,0.3938354187
9.852631579,0.1014957265,0.5507478632,0.5051507233,0.1014960419,0.6121725795,0.644633841,0.6172423334,0.3747554086,0.7329358274,0.6534341114,0.6270752077,0.3937295447
9.877192982,0.1012433393,0.5506216696,0.5051251386,0.1012436523,0.6120835351,0.6445580388,0.6172312826,0.3746463944,0.7328704707,0.6533611668,0.6270645315,0.3936242251
9.901754386,0.1009922041,0.5504961021,0.505099744,0.1009925148,0.6119949446,0.6444826246,0.6172203171,0.3745379515,0.7328054438,0.6532885954,0.6270539374,0.3935194557
9.926315789,0.1007423118,0.5503711559,0.5050745378,0.1007426202,0.6119068045,0.6444075954,0.6172094359,0.3744300756,0.7327407442,0.6532163943,0.6270434246,0.3934152321
9.950877193,0.100493653,0.5502468265,0.5050495179,0.1004939592,0.6118191113,0.6443329482,0.6171986382,0.3743227621,0.7326763695,0.6531445608,0.6270329923,0.3933115501
9.975438596,0.1002462188,0.5501231094,0.5050246827,0.1002465226,0.6117318618,0.6442586801,0.6171879232,0.3742160068,0.7326123172,0.6530730919,0.6270226397,0.3932084054
10,0.1,0.55,0.5050123109,0.1001231094,0.6116450524,0.6441847882,0.6171825862,0.3741627681,0.7325485849,0.653001985,0.6270174832,0.3931569669
