# Ising channels Delta=(0.0, 0.0625, 0.5), b=3.0, W_gen=1.098612, p_j=(0.75446643, 0.24543893, 9.464e-05)
q,tau,alpha,f
-8,-67.47017607,8.433772008,-4.263256415e-14
-7.9,-66.62679887,8.433772008,-2.842170943e-14
-7.8,-65.78342167,8.433772008,4.263256415e-14
-7.7,-64.94004446,8.433772008,0
-7.6,-64.09666726,8.433772008,2.842170943e-14
-7.5,-63.25329006,8.433772008,-1.421085472e-14
-7.4,-62.40991286,8.433772008,1.421085472e-14
-7.3,-61.56653566,8.433772008,-2.131628207e-14
-7.2,-60.72315846,8.433772008,-2.131628207e-14
-7.1,-59.87978126,8.433772008,-4.263256415e-14
-7,-59.03640406,8.433772008,2.131628207e-14
-6.9,-58.19302686,8.433772008,3.552713679e-14
-6.8,-57.34964966,8.433772008,1.421085472e-14
-6.7,-56.50627246,8.433772008,2.131628207e-14
-6.6,-55.66289526,8.433772008,-1.421085472e-14
-6.5,-54.81951805,8.433772008,1.421085472e-14
-6.4,-53.97614085,8.433772008,-2.842170943e-14
-6.3,-53.13276365,8.433772008,-1.421085472e-14
-6.2,-52.28938645,8.433772008,1.421085472e-14
-6.1,-51.44600925,8.433772008,-2.131628207e-14
-6,-50.60263205,8.433772008,-1.421085472e-14
-5.9,-49.75925485,8.433772008,1.421085472e-14
-5.8,-48.91587765,8.433772008,2.842170943e-14
-5.7,-48.07250045,8.433772008,-7.105427358e-15
-5.6,-47.22912325,8.433772008,-3.552713679e-14
-5.5,-46.38574605,8.433772008,2.842170943e-14
-5.4,-45.54236885,8.433772008,-1.421085472e-14
-5.3,-44.69899164,8.433772008,-4.263256415e-14
-5.2,-43.85561444,8.433772008,-1.421085472e-14
-5.1,-43.01223724,8.433772008,-7.105427358e-15
-5,-42.16886004,8.433772008,1.421085472e-14
-4.9,-41.32548284,8.433772008,2.131628207e-14
-4.8,-40.48210564,8.433772008,4.97379915e-14
-4.7,-39.63872844,8.433772008,2.131628207e-14
-4.6,-38.79535124,8.433772008,-2.131628207e-14
-4.5,-37.95197404,8.433772008,7.105427358e-15
-4.4,-37.10859684,8.433772008,3.552713679e-14
-4.3,-36.26521964,8.433772008,4.263256415e-14
-4.2,-35.42184244,8.433772008,7.105427358e-14
-4.1,-34.57846523,8.433772008,2.629008122e-13
-4,-33.73508803,8.433772008,6.679101716e-13
-3.9,-32.89171083,8.433772008,1.37134748e-12
-3.8,-32.04833363,8.433772008,3.0127012e-12
-3.7,-31.20495643,8.433772008,6.437517186e-12
-3.6,-30.36157923,8.433772008,1.403677174e-11
-3.5,-29.51820203,8.433772008,2.991384918e-11
-3.4,-28.67482483,8.433772008,6.387423923e-11
-3.3,-27.83144763,8.433772008,1.366942115e-10
-3.2,-26.98807043,8.433772008,2.922249109e-10
-3.1,-26.14469323,8.433772008,6.242402151e-10
-3,-25.30131603,8.433772008,1.333059885e-09
-2.9,-24.45793882,8.433772007,2.844700475e-09
-2.8,-23.61456162,8.433772006,6.06731021e-09
-2.7,-22.77118442,8.433772004,1.293250307e-08
-2.6,-21.92780722,8.433771998,2.754854123e-08
-2.5,-21.08443002,8.433771986,5.864450969e-08
-2.4,-20.24105283,8.433771959,1.247537433e-07
-2.3,-19.39767563,8.433771899,2.651915345e-07
-2.2,-18.55429845,8.433771766,5.632790838e-07
-2.1,-17.71092129,8.433771471,1.195416996e-06
-2,-16.86754417,8.433770816,2.534629772e-06
-1.9,-16.02416715,8.433769358,5.368687891e-06
-1.8,-15.18079035,8.433766108,1.135872049e-05
-1.7,-14.33741406,8.433758856,2.400126096e-05
-1.6,-13.49403887,8.433742646,5.064082391e-05
-1.5,-12.65066618,8.433706345,0.0001066659734
-1.4,-11.80729908,8.433624898,0.0002242211708
-1.3,-10.96394452,8.433441785,0.0004701983593
-1.2,-10.1206182,8.433029221,0.0009831382894
-1.1,-9.277355599,8.432097611,0.002048226849
-1,-8.434237046,8.429989249,0.004247797131
-0.9,-7.591444892,8.425207843,0.008757832881
-0.8,-6.74939365,8.414347778,0.01791542732
-0.7,-5.909025689,8.389677344,0.03625154781
-0.6,-5.072476334,8.333809066,0.07219089497
-0.5,-4.244530364,8.208627913,0.1402164078
-0.4,-3.435604396,7.93567379,0.2613348801
-0.3,-2.666893863,7.376183453,0.4540388271
-0.2,-1.975588497,6.364863617,0.7026157733
-0.1,-1.409650283,4.89611225,0.9200390579
0,-1,3.322948808,1
0.1,-0.7329015986,2.100713617,0.9429729603
0.2,-0.5634204398,1.362315525,0.8358835449
0.3,-0.4486982066,0.9761020401,0.7415288187
0.4,-0.3618363904,0.7830891061,0.6750720328
0.5,-0.2890388529,0.6829888825,0.6305332942
0.6,-0.2238579716,0.6251796694,0.5989657732
0.7,-0.1633815201,0.5864181829,0.5738742481
0.8,-0.1062859304,0.5564885918,0.5514768039
0.9,-0.05193823697,0.5310036405,0.5298415134
1,0,0.5081077714,0.5081077714
1.1,0.04974328094,0.4870245631,0.4859837385
1.2,0.09745430585,0.4674286927,0.4634601253
1.3,0.1432737774,0.4491776435,0.4406571592
1.4,0.1873322099,0.4321985167,0.4177457134
1.5,0.2297542058,0.4164412426,0.3949076582
1.6,0.2706596644,0.4018600523,0.3723164193
1.7,0.3101638212,0.3884068719,0.350127861
1.8,0.3483769086,0.3760296629,0.3284764846
1.9,0.3854037659,0.3646727284,0.307474418
2,0.42134352,0.3542777153,0.2872119105
2.1,0.4562893785,0.3447847772,0.2677586537
2.2,0.490328536,0.3361336739,0.2491655465
2.3,0.5235421835,0.3282647234,0.2314666802
2.4,0.5560056055,0.3211195836,0.2146813951
2.5,0.5877883449,0.3146418644,0.1988163161
2.6,0.6189544233,0.3087775857,0.1838672995
2.7,0.6495625986,0.3034755003,0.1698212523
2.8,0.6796666496,0.298687302,0.156657796
2.9,0.7093156767,0.2943677379,0.1443507632
3,0.7385544094,0.2904746441,0.132869523
3.1,0.7674235145,0.2869689205,0.1221801389
3.2,0.795959899,0.2838144577,0.1122463658
3.3,0.8241970042,0.280978031,0.1030304981
3.4,0.8521650877,0.2784291674,0.09449408136
3.5,0.8798914914,0.2761399978,0.08659850101
3.6,0.9074008938,0.2740850989,0.07930546215
3.7,0.9347155465,0.2722413298,0.07257737365
3.8,0.9618554945,0.2705876694,0.06637764924
3.9,0.9888387799,0.2691050557,0.06067093747
4,1.01568163,0.2677762303,0.05542329118
4.1,1.04239863,0.2665855894,0.05060228603
4.2,1.069002883,0.2655190428,0.04617709666
4.3,1.09550615,0.264563881,0.04211853798
4.4,1.121918989,0.2637086516,0.03839907801
4.5,1.148250867,0.2629430433,0.03499282795
4.6,1.174510275,0.2622577802,0.03187551413
4.7,1.200704822,0.2616445231,0.02902443612
4.8,1.226841329,0.2610957798,0.02641841412
4.9,1.252925904,0.260604823,0.02403772881
5,1.278964018,0.2601656147,0.02186405569
5.1,1.30496057,0.2597727385,0.0198803961
5.2,1.330919947,0.2594213373,0.01807100644
5.3,1.356846075,0.2591070569,0.01642132671
5.4,1.382742466,0.2588259954,0.01491790965
5.5,1.408612264,0.2585746573,0.01354835103
5.6,1.434458283,0.2583499116,0.01230122178
5.7,1.460283039,0.2581489547,0.01116600252
5.8,1.486088783,0.2579692765,0.01013302061
5.9,1.511877529,0.2578086303,0.009193390164
6,1.537651076,0.2576650052,0.00833895497
6.1,1.563411037,0.2575366019,0.007562234565
6.2,1.58915885,0.2574218103,0.006856373349
6.3,1.614895804,0.25731919,0.006215092785
6.4,1.640623051,0.2572274527,0.005632646613
6.5,1.666341619,0.2571454459,0.005103778974
6.6,1.69205243,0.2570721387,0.004623685373
6.7,1.717756306,0.2570066093,0.004187976342
6.8,1.743453983,0.2569480334,0.003792643679
6.9,1.76914612,0.2568956738,0.003434029153
7,1.794833303,0.2568488713,0.003108795513
7.1,1.82051606,0.2568070365,0.002813899688
7.2,1.846194859,0.2567696426,0.00254656804
7.3,1.87187012,0.2567362183,0.002304273532
7.4,1.897542221,0.2567063426,0.002084714698
7.5,1.923211495,0.2566796388,0.001885796284
7.6,1.948878243,0.2566557703,0.001705611452
7.7,1.974542733,0.2566344362,0.001542425422
7.8,2.000205205,0.2566153674,0.001394660467
7.9,2.025865874,0.2565983236,0.001260882138
8,2.05152493,0.2565830896,0.001139786652
