# Koch type: 4 copies of ratio 1/3: m=[4], k=[1], b=3.0
# log coefficient lambda=1/M(0)=-0.3333333333
log_b_eps,residual,prediction_Re0
-12.57541965,9.104875447e-06,0
-12.56342592,9.097345517e-06,0
-12.5514322,9.104716748e-06,0
-12.53943847,9.093461527e-06,0
-12.52744475,9.089656887e-06,0
-12.51545103,9.093302828e-06,0
-12.5034573,9.082047608e-06,0
-12.49146358,9.081968258e-06,0
-12.47946985,9.081888908e-06,0
-12.46747613,9.074358978e-06,0
-12.45548241,9.081730209e-06,0
-12.44348868,9.081650859e-06,0
-12.43149496,9.070395639e-06,0
-12.41950123,9.074041579e-06,0
-12.40750751,9.062786358e-06,0
-12.39551379,9.062707009e-06,0
-12.38352006,9.05890237e-06,0
-12.37152634,9.05509773e-06,0
-12.35953261,9.062468961e-06,0
-12.34753889,9.04748845e-06,0
-12.33554517,9.0474091e-06,0
-12.32355144,9.04732975e-06,0
-12.31155772,9.043525111e-06,0
-12.29956399,9.041583116e-06,0
-12.28757027,9.041503766e-06,0
-12.27557654,9.035836481e-06,0
-12.26358282,9.030169196e-06,0
-12.2515891,9.028227201e-06,0
-12.23959537,9.024422561e-06,0
-12.22760165,9.018755275e-06,0
-12.21560792,9.020538572e-06,0
-12.2036142,9.016733931e-06,0
-12.19162048,9.014791937e-06,0
-12.17962675,9.010987296e-06,0
-12.16763303,9.005320012e-06,0
-12.1556393,9.007103307e-06,0
-12.14364558,8.999573377e-06,0
-12.13165186,8.999494027e-06,0
-12.11965813,8.997552032e-06,0
-12.10766441,8.993747393e-06,0
-12.09567068,8.989942753e-06,0
-12.08367696,8.991726049e-06,0
-12.07168324,8.986058763e-06,0
-12.05968951,8.982254123e-06,0
-12.04769579,8.982174773e-06,0
-12.03570206,8.974644843e-06,0
-12.02370834,8.980153429e-06,0
-12.01171462,8.974486144e-06,0
-11.99972089,8.965093568e-06,0
-11.98772717,8.963151574e-06,0
-11.97573344,8.961209579e-06,0
-11.96373972,8.957404939e-06,0
-11.951746,8.951737654e-06,0
-11.93975227,8.951658304e-06,0
-11.92775855,8.94599102e-06,0
-11.91576482,8.944049025e-06,0
-11.9037711,8.940244385e-06,0
-11.89177738,8.936439744e-06,0
-11.87978365,8.936360395e-06,0
-11.86778993,8.93069311e-06,0
-11.8557962,8.92688847e-06,0
-11.84380248,8.92308383e-06,0
-11.83180876,8.92300448e-06,0
-11.81981503,8.91919984e-06,0
-11.80782131,8.9153952e-06,0
-11.79582758,8.911590561e-06,0
-11.78383386,8.906854598e-06,0
-11.77184014,8.904912603e-06,0
-11.75984641,8.901107963e-06,0
-11.74785269,8.896372e-06,0
-11.73585896,8.891636039e-06,0
-11.72386524,8.89155669e-06,0
-11.71187152,8.885889403e-06,0
-11.69987779,8.883016087e-06,0
-11.68788407,8.880142769e-06,0
-11.67589034,8.875406806e-06,0
-11.66389662,8.87253349e-06,0
-11.6519029,8.868728849e-06,0
-11.63990917,8.863992887e-06,0
-11.62791545,8.859256924e-06,0
-11.61592172,8.855452285e-06,0
-11.603928,8.852578967e-06,0
-11.59193428,8.847843004e-06,0
-11.57994055,8.843107042e-06,0
-11.56794683,8.838371079e-06,0
-11.5559531,8.836429085e-06,0
-11.54395938,8.833555766e-06,0
-11.53196566,8.827888482e-06,0
-11.51997193,8.823152519e-06,0
-11.50797821,8.81934788e-06,0
-11.49598448,8.81554324e-06,0
-11.48399076,8.812669922e-06,0
-11.47199703,8.806071314e-06,0
-11.46000331,8.803197997e-06,0
-11.44800959,8.799393358e-06,0
-11.43601586,8.794657396e-06,0
-11.42402214,8.788990109e-06,0
-11.41202841,8.783322825e-06,0
-11.40003469,8.780449507e-06,0
-11.38804097,8.774782222e-06,0
-11.37604724,8.768183614e-06,0
-11.36405352,8.763447652e-06,0
-11.35205979,8.759643012e-06,0
-11.34006607,8.75490705e-06,0
-11.32807235,8.750171088e-06,0
-11.31607862,8.744503802e-06,0
-11.3040849,8.740699162e-06,0
-11.29209117,8.7359632e-06,0
-11.28009745,8.72889893e-06,0
-11.26810373,8.72462863e-06,0
-11.25611,8.718961344e-06,0
-11.24411628,8.713759721e-06,0
-11.23212255,8.708092435e-06,0
-11.22012883,8.702890812e-06,0
-11.20813511,8.696757865e-06,0
-11.19614138,8.69109058e-06,0
-11.18414766,8.685888956e-06,0
-11.17215393,8.679756009e-06,0
-11.16016021,8.675020048e-06,0
-11.14816649,8.66842144e-06,0
-11.13617276,8.663219817e-06,0
-11.12417904,8.65708687e-06,0
-11.11218531,8.650022601e-06,0
-11.10019159,8.644355316e-06,0
-11.08819787,8.636825385e-06,0
-11.07620414,8.631158101e-06,0
-11.06421042,8.624093831e-06,0
-11.05221669,8.619357869e-06,0
-11.04022297,8.610896617e-06,0
-11.02822925,8.604298009e-06,0
-11.01623552,8.599096385e-06,0
-11.0042418,8.591100793e-06,0
-10.99224807,8.583570863e-06,0
-10.98025435,8.576972256e-06,0
-10.96826063,8.569907986e-06,0
-10.9562669,8.561912396e-06,0
-10.94427318,8.555779448e-06,0
-10.93227945,8.547783857e-06,0
-10.92028573,8.540253927e-06,0
-10.90829201,8.532258335e-06,0
-10.89629828,8.524262744e-06,0
-10.88430456,8.517198475e-06,0
-10.87231083,8.509668544e-06,0
-10.86031711,8.501207291e-06,0
-10.84832339,8.493211701e-06,0
-10.83632966,8.484750447e-06,0
-10.82433594,8.476289195e-06,0
-10.81234221,8.468293603e-06,0
-10.80034849,8.459133858e-06,0
-10.78835477,8.451138267e-06,0
-10.77636104,8.442909845e-06,0
-10.76436732,8.43398293e-06,0
-10.75237359,8.425056017e-06,0
-10.74037987,8.415430611e-06,0
-10.72838615,8.406503697e-06,0
-10.71639242,8.397111121e-06,0
-10.7043987,8.387718545e-06,0
-10.69240497,8.37832597e-06,0
-10.68041125,8.368700564e-06,0
-10.66841752,8.358609497e-06,0
-10.6564238,8.348984091e-06,0
-10.64443008,8.338660193e-06,0
-10.63243635,8.328336295e-06,0
-10.62044263,8.318012397e-06,0
-10.6084489,8.307455669e-06,0
-10.59645518,8.297364601e-06,0
-10.58446146,8.286575042e-06,0
-10.57246773,8.275785482e-06,0
-10.56047401,8.264995924e-06,0
-10.54848028,8.253973534e-06,0
-10.53648656,8.242485483e-06,0
-10.52449284,8.230997431e-06,0
-10.51249911,8.219276549e-06,0
-10.50050539,8.207788498e-06,0
-10.48851166,8.195601955e-06,0
-10.47651794,8.183881073e-06,0
-10.46452422,8.1714617e-06,0
-10.45253049,8.159042326e-06,0
-10.44053677,8.146855783e-06,0
-10.42854304,8.133737917e-06,0
-10.41654932,8.121085713e-06,0
-10.4045556,8.107967846e-06,0
-10.39256187,8.095082812e-06,0
-10.38056815,8.081732116e-06,0
-10.36857442,8.067915757e-06,0
-10.3565807,8.054565062e-06,0
-10.34458698,8.040283042e-06,0
-10.33259325,8.026932346e-06,0
-10.32059953,8.012184666e-06,0
-10.3086058,7.998135478e-06,0
-10.29661208,7.983504214e-06,0
-10.28461836,7.968756532e-06,0
-10.27262463,7.953426776e-06,0
-10.26063091,7.938097019e-06,0
-10.24863718,7.922767262e-06,0
-10.23664346,7.906855429e-06,0
-10.22464974,7.891525672e-06,0
-10.21265601,7.875497424e-06,0
-10.20066229,7.858887099e-06,0
-10.18866856,7.84285885e-06,0
-10.17667484,7.825899279e-06,0
-10.16468112,7.809056122e-06,0
-10.15268739,7.792445797e-06,0
-10.14069367,7.77513698e-06,0
-10.12869994,7.757362501e-06,0
-10.11670622,7.739238776e-06,0
-10.1047125,7.721464298e-06,0
-10.09271877,7.703107743e-06,0
-10.08072505,7.684984018e-06,0
-10.06873132,7.666045387e-06,0
-10.0567376,7.647106754e-06,0
-10.04474388,7.627586046e-06,0
-10.03275015,7.608181753e-06,0
-10.02075643,7.588661045e-06,0
-10.0087627,7.56879109e-06,0
-9.996768979,7.548339059e-06,0
-9.984775255,7.527654198e-06,0
-9.972781531,7.506969337e-06,0
-9.960787807,7.485818814e-06,0
-9.948794083,7.464668291e-06,0
-9.936800359,7.442935691e-06,0
-9.924806635,7.420853846e-06,0
-9.912812911,7.398539169e-06,0
-9.900819187,7.376108079e-06,0
-9.888825463,7.35332774e-06,0
-9.876831739,7.330314573e-06,0
-9.864838015,7.306835744e-06,0
-9.852844291,7.283240499e-06,0
-9.840850567,7.259063178e-06,0
-9.828856843,7.234769442e-06,0
-9.816863119,7.210010043e-06,0
-9.804869395,7.185017815e-06,0
-9.792875671,7.159618133e-06,0
-9.780881947,7.133927412e-06,0
-9.768888223,7.107945653e-06,0
-9.756894499,7.081731064e-06,0
-9.744900775,7.054934398e-06,0
-9.732907051,7.027788486e-06,0
-9.720913327,7.000584367e-06,0
-9.708919603,6.972623547e-06,0
-9.696925878,6.94460452e-06,0
-9.684932154,6.916061624e-06,0
-9.67293843,6.887169483e-06,0
-9.660944706,6.857869888e-06,0
-9.648950982,6.828279253e-06,0
-9.636957258,6.798164751e-06,0
-9.624963534,6.767701002e-06,0
-9.61296981,6.736946216e-06,0
-9.600976086,6.70566756e-06,0
-9.588982362,6.673806827e-06,0
-9.576988638,6.641771471e-06,0
-9.564994914,6.609328662e-06,0
-9.55300119,6.576361984e-06,0
-9.541007466,6.542871437e-06,0
-9.529013742,6.509148059e-06,0
-9.517020018,6.474842606e-06,0
-9.505026294,6.440129698e-06,0
-9.49303257,6.404951129e-06,0
-9.481038846,6.369190483e-06,0
-9.469045122,6.333080591e-06,0
-9.457051398,6.296505037e-06,0
-9.445057674,6.259405616e-06,0
-9.43306395,6.221840533e-06,0
-9.421070226,6.18375158e-06,0
-9.409076502,6.145138759e-06,0
-9.397082778,6.106118484e-06,0
-9.385089054,6.066399718e-06,0
-9.37309533,6.026331705e-06,0
-9.361101606,5.985623408e-06,0
-9.349107882,5.944333034e-06,0
-9.337114158,5.902635207e-06,0
-9.325120434,5.860413511e-06,0
-9.31312671,5.817318701e-06,0
-9.301132985,5.773991058e-06,0
-9.289139261,5.730023132e-06,0
-9.277145537,5.68532761e-06,0
-9.265151813,5.64010822e-06,0
-9.253158089,5.59436496e-06,0
-9.241164365,5.547981417e-06,0
-9.229170641,5.50089938e-06,0
-9.217176917,5.45332258e-06,0
-9.205183193,5.405047287e-06,0
-9.193189469,5.356160814e-06,0
-9.181195745,5.306546744e-06,0
-9.169202021,5.256467014e-06,0
-9.157208297,5.205514169e-06,0
-9.145214573,5.154008351e-06,0
-9.133220849,5.10171673e-06,0
-9.121227125,5.048697512e-06,0
-9.109233401,4.995154426e-06,0
-9.097239677,4.940796432e-06,0
-9.085245953,4.885739947e-06,0
-9.073252229,4.829868554e-06,0
-9.061258505,4.773415085e-06,0
-9.049264781,4.716088501e-06,0
-9.037271057,4.658063425e-06,0
-9.025277333,4.599223442e-06,0
-9.013283609,4.539568551e-06,0
-9.001289885,4.479331584e-06,0
-8.989296161,4.418075982e-06,0
-8.977302437,4.356092786e-06,0
-8.965308713,4.293294681e-06,0
-8.953314989,4.229623463e-06,0
-8.941321265,4.165108231e-06,0
-8.929327541,4.099719887e-06,0
-8.917333817,4.033545738e-06,0
-8.905340092,3.966469371e-06,0
-8.893346368,3.898490785e-06,0
-8.881352644,3.829639084e-06,0
-8.86935892,3.759797852e-06,0
-8.857365196,3.689112611e-06,0
-8.845371472,3.617408734e-06,0
-8.833377748,3.544773535e-06,0
-8.821384024,3.471207013e-06,0
-8.8093903,3.396680065e-06,0
-8.797396576,3.321163587e-06,0
-8.785402852,3.244613923e-06,0
-8.773409128,3.167060177e-06,0
-8.761415404,3.088458693e-06,0
-8.74942168,3.00880947e-06,0
-8.737427956,2.92818527e-06,0
-8.725434232,2.84642602e-06,0
-8.713440508,2.763546272e-06,0
-8.701446784,2.679633339e-06,0
-8.68945306,2.594599909e-06,0
-8.677459336,2.508416876e-06,0
-8.665465612,2.421098796e-06,0
-8.653471888,2.332631113e-06,0
-8.641478164,2.242999277e-06,0
-8.62948444,2.15214508e-06,0
-8.617490716,2.060112178e-06,0
-8.605496992,1.966842363e-06,0
-8.593503268,1.872350187e-06,0
-8.581509544,1.776606547e-06,0
-8.56951582,1.679553235e-06,0
-8.557522096,1.581263009e-06,0
-8.545528372,1.481648559e-06,0
-8.533534648,1.380724437e-06,0
-8.521540924,1.278461538e-06,0
-8.509547199,1.174816208e-06,0
-8.497553475,1.069846653e-06,0
-8.485559751,9.634510119e-07,0
-8.473566027,8.556147288e-07,0
-8.461572303,7.463814637e-07,0
-8.449578579,6.357075581e-07,0
-8.437584855,5.235639096e-07,0
-8.425591131,4.099214137e-07,0
-8.413597407,2.947655182e-07,0
-8.401603683,1.780816716e-07,0
-8.389609959,5.988442586e-08,0
-8.377616235,-5.988442586e-08,0
-8.365622511,-1.812976449e-07,0
-8.353628787,-3.042679189e-07,0
-8.341635063,-4.288971107e-07,0
-8.329641339,-5.551706694e-07,0
-8.317647615,-6.831322499e-07,0
-8.305653891,-8.127600251e-07,0
-8.293660167,-9.441194782e-07,0
-8.281666443,-1.077239712e-06,0
-8.269672719,-1.212091625e-06,0
-8.257678995,-1.348726147e-06,0
-8.245685271,-1.487237866e-06,0
-8.233691547,-1.627524919e-06,0
-8.221697823,-1.769689169e-06,0
-8.209704099,-1.913766996e-06,0
-8.197710375,-2.05972202e-06,0
-8.185716651,-2.207619724e-06,0
-8.173722927,-2.357481937e-06,0
-8.161729203,-2.509359591e-06,0
-8.149735479,-2.663194477e-06,0
-8.137741755,-2.819117563e-06,0
-8.125748031,-2.977077916e-06,0
-8.113754306,-3.137155574e-06,0
-8.101760582,-3.299335984e-06,0
-8.089766858,-3.463699179e-06,0
-8.077773134,-3.63017968e-06,0
-8.06577941,-3.798923003e-06,0
-8.053785686,-3.969870941e-06,0
-8.041791962,-4.143110806e-06,0
-8.029798238,-4.318664426e-06,0
-8.017804514,-4.496502696e-06,0
-8.00581079,-4.676734756e-06,0
-7.993817066,-4.85935333e-06,0
-7.981823342,-5.04437297e-06,0
-7.969829618,-5.231866436e-06,0
-7.957835894,-5.42184828e-06,0
-7.94584217,-5.614318501e-06,0
-7.933848446,-5.809371686e-06,0
-7.921854722,-6.006993285e-06,0
-7.909860998,-6.20724878e-06,0
-7.897867274,-6.410152725e-06,0
-7.88587355,-6.615763325e-06,0
-7.873879826,-6.824087857e-06,0
-7.861886102,-7.035177254e-06,0
-7.849892378,-7.249067894e-06,0
-7.837898654,-7.465796158e-06,0
-7.82590493,-7.685391149e-06,0
-7.813911206,-7.907911074e-06,0
-7.801917482,-8.133366849e-06,0
-7.789923758,-8.361813042e-06,0
-7.777930034,-8.5933115e-06,0
-7.76593631,-8.827869498e-06,0
-7.753942586,-9.065527053e-06,0
-7.741948862,-9.306346012e-06,0
-7.729955138,-9.550366393e-06,0
-7.717961413,-9.797610023e-06,0
-7.705967689,-1.004813511e-05,0
-7.693973965,-1.030198531e-05,0
-7.681980241,-1.055920064e-05,0
-7.669986517,-1.081982839e-05,0
-7.657992793,-1.108391586e-05,0
-7.645999069,-1.135149943e-05,0
-7.634005345,-1.162263367e-05,0
-7.622011621,-1.189736951e-05,0
-7.610017897,-1.217574332e-05,0
-7.598024173,-1.245781332e-05,0
-7.586030449,-1.27436268e-05,0
-7.574036725,-1.303322014e-05,0
-7.562043001,-1.332666974e-05,0
-7.550049277,-1.362399743e-05,0
-7.538055553,-1.392527232e-05,0
-7.526061829,-1.423054898e-05,0
-7.514068105,-1.453987472e-05,0
-7.502074381,-1.485329319e-05,0
-7.490080657,-1.517088077e-05,0
-7.478086933,-1.549266659e-05,0
-7.466093209,-1.581873067e-05,0
-7.454099485,-1.614911303e-05,0
-7.442105761,-1.648388643e-05,0
-7.430112037,-1.682308725e-05,0
-7.418118313,-1.716679552e-05,0
-7.406124589,-1.751506583e-05,0
-7.394130865,-1.786794908e-05,0
-7.382137141,-1.822551078e-05,0
-7.370143417,-1.858781277e-05,0
-7.358149693,-1.895492416e-05,0
-7.346155969,-1.932691772e-05,0
-7.334162245,-1.970382256e-05,0
-7.32216852,-2.008574052e-05,0
-7.310174796,-2.047271528e-05,0
-7.298181072,-2.086482868e-05,0
-7.286187348,-2.126214258e-05,0
-7.274193624,-2.166471517e-05,0
-7.2621999,-2.207263195e-05,0
-7.250206176,-2.248596568e-05,0
-7.238212452,-2.290478185e-05,0
-7.226218728,-2.332914958e-05,0
-7.214225004,-2.375914161e-05,0
-7.20223128,-2.419485074e-05,0
-7.190237556,-2.463632423e-05,0
-7.178243832,-2.508365306e-05,0
-7.166250108,-2.553691907e-05,0
-7.154256384,-2.599619138e-05,0
-7.14226266,-2.646156276e-05,0
-7.130268936,-2.69330987e-05,0
-7.118275212,-2.741089924e-05,0
-7.106281488,-2.78950244e-05,0
-7.094287764,-2.838557969e-05,0
-7.08229404,-2.888263605e-05,0
-7.070300316,-2.938628442e-05,0
-7.058306592,-2.989661031e-05,0
-7.046312868,-3.041371739e-05,0
-7.034319144,-3.093767478e-05,0
-7.02232542,-3.146858071e-05,0
-7.010331696,-3.200652613e-05,0
-6.998337972,-3.255160563e-05,0
-6.986344248,-3.310391743e-05,0
-6.974350524,-3.366355248e-05,0
-6.9623568,-3.423061083e-05,0
-6.950363076,-3.480519252e-05,0
-6.938369352,-3.538739031e-05,0
-6.926375627,-3.59773079e-05,0
-6.914381903,-3.65750526e-05,0
-6.902388179,-3.718072445e-05,0
-6.890394455,-3.779442896e-05,0
-6.878400731,-3.841627163e-05,0
-6.866407007,-3.904636342e-05,0
-6.854413283,-3.968480982e-05,0
-6.842419559,-4.033172726e-05,0
-6.830425835,-4.098721942e-05,0
-6.818432111,-4.165140816e-05,0
-6.806438387,-4.232441081e-05,0
-6.794444663,-4.300632925e-05,0
-6.782450939,-4.369729624e-05,0
-6.770457215,-4.439742731e-05,0
-6.758463491,-4.510684431e-05,0
-6.746469767,-4.58256664e-05,0
-6.734476043,-4.655402636e-05,0
-6.722482319,-4.729204243e-05,0
-6.710488595,-4.803985193e-05,0
-6.698494871,-4.87975722e-05,0
-6.686501147,-4.95653442e-05,0
-6.674507423,-5.034329891e-05,0
-6.662513699,-5.113157183e-05,0
-6.650519975,-5.193029849e-05,0
-6.638526251,-5.273961803e-05,0
-6.626532527,-5.355966779e-05,0
-6.614538803,-5.439059784e-05,0
-6.602545079,-5.523254459e-05,0
-6.590551355,-5.608565812e-05,0
-6.578557631,-5.695008576e-05,0
-6.566563907,-5.782597941e-05,0
-6.554570183,-5.871348821e-05,0
-6.542576459,-5.961276587e-05,0
-6.530582734,-6.052397065e-05,0
-6.51858901,-6.144726351e-05,0
-6.506595286,-6.238279454e-05,0
-6.494601562,-6.333073654e-05,0
-6.482607838,-6.429124957e-05,0
-6.470614114,-6.526449916e-05,0
-6.45862039,-6.625065995e-05,0
-6.446626666,-6.724989653e-05,0
-6.434632942,-6.826238264e-05,0
-6.422639218,-6.928829834e-05,0
-6.410645494,-7.032781918e-05,0
-6.39865177,-7.138112704e-05,0
-6.386658046,-7.244840293e-05,0
-6.374664322,-7.352983328e-05,0
-6.362670598,-7.462560363e-05,0
-6.350676874,-7.573590953e-05,0
-6.33868315,-7.686093651e-05,0
-6.326689426,-7.800088102e-05,0
-6.314695702,-7.91559477e-05,0
-6.302701978,-8.032633118e-05,0
-6.290708254,-8.151223565e-05,0
-6.27871453,-8.271386527e-05,0
-6.266720806,-8.393143152e-05,0
-6.254727082,-8.516514585e-05,0
-6.242733358,-8.641522016e-05,0
-6.230739634,-8.768187229e-05,0
-6.21874591,-8.896532188e-05,0
-6.206752186,-9.026579175e-05,0
-6.194758462,-9.158350701e-05,0
-6.182764738,-9.291869866e-05,0
-6.170771014,-9.427159635e-05,0
-6.15877729,-9.564243337e-05,0
-6.146783566,-9.703145029e-05,0
-6.134789841,-9.843888629e-05,0
-6.122796117,-9.986498966e-05,0
-6.110802393,-0.0001013100019,0
-6.098808669,-0.0001027741772,0
-6.086814945,-0.0001042577683,0
-6.074821221,-0.0001057610351,0
-6.062827497,-0.0001072842361,0
-6.050833773,-0.0001088276343,0
-6.038840049,-0.0001103915016,0
-6.026846325,-0.0001119761058,0
-6.014852601,-0.0001135817238,0
-6.002858877,-0.0001152086345,0
-5.990865153,-0.0001168571189,0
-5.978871429,-0.0001185274621,0
-5.966877705,-0.000120219956,0
-5.954883981,-0.0001219348945,0
-5.942890257,-0.000123672573,0
-5.930896533,-0.0001254332936,0
-5.918902809,-0.0001272173627,0
-5.906909085,-0.00012902509,0
-5.894915361,-0.0001308567889,0
-5.882921637,-0.0001327127759,0
-5.870927913,-0.0001345933752,0
-5.858934189,-0.0001364989105,0
-5.846940465,-0.0001384297147,0
-5.834946741,-0.0001403861218,0
-5.822953017,-0.0001423684703,0
-5.810959293,-0.0001443771055,0
-5.798965569,-0.0001464123759,0
-5.786971845,-0.0001484746337,0
-5.774978121,-0.0001505642367,0
-5.762984397,-0.0001526815479,0
-5.750990673,-0.0001548269351,0
-5.738996948,-0.0001570007696,0
-5.727003224,-0.0001592034286,0
-5.7150095,-0.0001614352938,0
-5.703015776,-0.0001636967533,0
-5.691022052,-0.0001659881995,0
-5.679028328,-0.0001683100283,0
-5.667034604,-0.0001706626448,0
-5.65504088,-0.0001730464548,0
-5.643047156,-0.0001754618735,0
-5.631053432,-0.0001779093181,0
-5.619059708,-0.000180389215,0
-5.607065984,-0.0001829019936,0
-5.59507226,-0.0001854480894,0
-5.583078536,-0.0001880279446,0
-5.571084812,-0.0001906420049,0
-5.559091088,-0.0001932907272,0
-5.547097364,-0.0001959745679,0
-5.53510364,-0.0001986939932,0
-5.523109916,-0.000201449475,0
-5.511116192,-0.0002042414914,0
-5.499122468,-0.0002070705262,0
-5.487128744,-0.0002099370705,0
-5.47513502,-0.000212841621,0
-5.463141296,-0.000215784681,0
-5.451147572,-0.000218766762,0
-5.439153848,-0.0002217883806,0
-5.427160124,-0.0002248500603,0
-5.4151664,-0.0002279523329,0
-5.403172676,-0.0002310957355,0
-5.391178952,-0.0002342808146,0
-5.379185228,-0.0002375081209,0
-5.367191504,-0.0002407782145,0
-5.35519778,-0.0002440916631,0
-5.343204055,-0.0002474490405,0
-5.331210331,-0.0002508509288,0
-5.319216607,-0.0002542979185,0
-5.307222883,-0.0002577906071,0
-5.295229159,-0.0002613295994,0
-5.283235435,-0.0002649155096,0
-5.271241711,-0.0002685489599,0
-5.259247987,-0.0002722305792,0
-5.247254263,-0.0002759610062,0
-5.235260539,-0.0002797408881,0
-5.223266815,-0.0002835708795,0
-5.211273091,-0.000287451645,0
-5.199279367,-0.0002913838572,0
-5.187285643,-0.0002953681971,0
-5.175291919,-0.0002994053558,0
-5.163298195,-0.0003034960337,0
-5.151304471,-0.0003076409388,0
-5.139310747,-0.0003118407907,0
-5.127317023,-0.0003160963165,0
-5.115323299,-0.0003204082544,0
-5.103329575,-0.0003247773513,0
-5.091335851,-0.0003292043647,0
-5.079342127,-0.0003336900619,0
-5.067348403,-0.0003382352199,0
-5.055354679,-0.0003428406274,0
-5.043360955,-0.0003475070821,0
-5.031367231,-0.0003522353922,0
-5.019373507,-0.0003570263778,0
-5.007379783,-0.0003618808687,0
-4.995386059,-0.0003667997059,0
-4.983392335,-0.0003717837424,0
-4.971398611,-0.0003768338417,0
-4.959404887,-0.0003819508789,0
-4.947411162,-0.0003871357403,0
-4.935417438,-0.000392389324,0
-4.923423714,-0.0003977125408,0
-4.91142999,-0.0004031063136,0
-4.899436266,-0.0004085715756,0
-4.887442542,-0.0004141092742,0
-4.875448818,-0.0004197203689,0
-4.863455094,-0.0004254058316,0
-4.85146137,-0.0004311666472,0
-4.839467646,-0.0004370038139,0
-4.827473922,-0.0004429183422,0
-4.815480198,-0.0004489112573,0
-4.803486474,-0.0004549835969,0
-4.79149275,-0.0004611364128,0
-4.779499026,-0.0004673707707,0
-4.767505302,-0.0004736877502,0
-4.755511578,-0.0004800884455,0
-4.743517854,-0.0004865739651,0
-4.73152413,-0.0004931454322,0
-4.719530406,-0.0004998039848,0
-4.707536682,-0.0005065507757,0
-4.695542958,-0.0005133869734,0
-4.683549234,-0.0005203137616,0
-4.67155551,-0.0005273323397,0
-4.659561786,-0.0005344439225,0
-4.647568062,-0.0005416497419,0
-4.635574338,-0.000548951045,0
-4.623580614,-0.0005563490959,0
-4.61158689,-0.0005638451755,0
-4.599593166,-0.000571440581,0
-4.587599442,-0.0005791366279,0
-4.575605718,-0.0005869346477,0
-4.563611994,-0.0005948359905,0
-4.551618269,-0.0006028420236,0
-4.539624545,-0.000610954133,0
-4.527630821,-0.0006191737224,0
-4.515637097,-0.0006275022141,0
-4.503643373,-0.0006359410499,0
-4.491649649,-0.0006444916896,0
-4.479655925,-0.0006531556127,0
-4.467662201,-0.0006619343188,0
-4.455668477,-0.0006708293267,0
-4.443674753,-0.000679842175,0
-4.431681029,-0.0006889744233,0
-4.419687305,-0.0006982276513,0
-4.407693581,-0.0007076034599,0
-4.395699857,-0.0007171034707,0
-4.383706133,-0.0007267293269,0
-4.371712409,-0.0007364826937,0
-4.359718685,-0.0007463652578,0
-4.347724961,-0.0007563787284,0
-4.335731237,-0.0007665248372,0
-4.323737513,-0.0007768053386,0
-4.311743789,-0.0007872220107,0
-4.299750065,-0.000797776654,0
-4.287756341,-0.000808471094,0
-4.275762617,-0.0008193071794,0
-4.263768893,-0.0008302867835,0
-4.251775169,-0.0008414118045,0
-4.239781445,-0.0008526841656,0
-4.227787721,-0.0008641058148,0
-4.215793997,-0.0008756787266,0
-4.203800273,-0.000887404901,0
-4.191806549,-0.0008992863645,0
