# lattice string: ratios 2^-1, 2^-5: m=[1, 1], k=[1, 5], b=2.0
# log coefficient lambda=1/M(0)=-1
Re_s,Im_s
-0.2028426157,-30.71106895
-0.2028426157,-21.64634867
-0.2028426157,-12.58162838
-0.2028426157,-3.516908098
-0.2028426157,5.547812186
-0.2028426157,14.61253247
-0.2028426157,23.67725275
-0.2028426157,-23.67725275
-0.2028426157,-14.61253247
-0.2028426157,-5.547812186
-0.2028426157,3.516908098
-0.2028426157,12.58162838
-0.2028426157,21.64634867
-0.2028426157,30.71106895
9.209851198e-16,-28.70494756
9.209851198e-16,-19.64022728
9.209851198e-16,-10.575507
9.209851198e-16,-1.510786714
9.209851198e-16,7.55393357
9.209851198e-16,16.61865385
9.209851198e-16,25.68337414
9.209851198e-16,-25.68337414
9.209851198e-16,-16.61865385
9.209851198e-16,-7.55393357
9.209851198e-16,1.510786714
9.209851198e-16,10.575507
9.209851198e-16,19.64022728
9.209851198e-16,28.70494756
0.4056852314,-27.19416085
0.4056852314,-18.12944057
0.4056852314,-9.064720284
0.4056852314,0
0.4056852314,9.064720284
0.4056852314,18.12944057
0.4056852314,27.19416085
