# ln Z_q(eps) - tau(q) ln eps (mean removed); p=(0.7, 0.3), r=(0.5, 0.25)
log2_eps,q-2,q0,q2,q4
-13.28771238,0.3485097393,0.1114333313,-0.1061378113,-0.3031232644
-13.38761999,0.1980983172,0.06335660701,-0.06034586598,-0.1723441974
-13.4875276,0.04768689518,0.01527988276,-0.01455392067,-0.04156513034
-13.58743522,-0.1027245269,-0.03279684149,0.03123802464,0.08921393671
-13.68734283,-0.2531359489,-0.08087356574,0.07702996994,0.2199930038
-13.78725044,-0.403547371,-0.12895029,0.1228219152,0.3507720708
-13.88715805,-0.553958793,-0.1770270142,0.1686138606,0.4815511379
-13.98706566,-0.7043702151,-0.2251037385,0.2144058059,0.6123302049
-14.08697327,0.6509079969,0.2080316461,-0.1981451564,-0.5658907591
-14.18688089,0.5004965748,0.1599549218,-0.1523532111,-0.4351116921
-14.2867885,0.3500851528,0.1118781976,-0.1065612658,-0.304332625
-14.38669611,0.1996737307,0.06380147331,-0.06076932046,-0.173553558
-14.48660372,0.04926230869,0.01572474906,-0.01497737516,-0.04277449091
-14.58651133,-0.1011491134,-0.03235197519,0.03081457015,0.08800457614
-14.68641895,-0.2515605354,-0.08042869944,0.07660651545,0.2187836432
-14.78632656,-0.4019719575,-0.1285054237,0.1223984608,0.3495627102
-14.88623417,-0.5523833795,-0.1765821479,0.1681904061,0.4803417773
-14.98614178,-0.7027948016,-0.2246588722,0.2139823514,0.6111208444
-15.08604939,0.6521979601,0.2084761203,-0.1985686108,-0.5671001197
-15.18595701,0.501786538,0.160399396,-0.1527766655,-0.4363210526
-15.28586462,0.351375116,0.1123226718,-0.1069847202,-0.3055419856
-15.38577223,0.2009636939,0.06424594751,-0.06119277486,-0.1747629185
-15.48567984,0.05055227189,0.01616922326,-0.01540082955,-0.04398385148
-15.58558745,-0.09985915016,-0.03190750099,0.03039111575,0.08679521558
-15.68549506,-0.2502705722,-0.07998422524,0.07618306106,0.2175742826
-15.78540268,-0.4006819943,-0.1280609495,0.1219750064,0.3483533497
-15.88531029,-0.5510934163,-0.1761376737,0.1677669517,0.4791324167
-15.9852179,-0.7015048384,-0.224214398,0.213558897,0.6099114838
-16.08512551,0.6536440994,0.2089207442,-0.1989920652,-0.5683094803
-16.18503312,0.5032326774,0.16084402,-0.1532001199,-0.4375304132
-16.28494074,0.3528212553,0.1127672957,-0.1074081746,-0.3067513461
-16.38484835,0.2024098333,0.06469057148,-0.06161622928,-0.1759722791
-16.48475596,0.05199841122,0.01661384723,-0.01582428397,-0.04519321204
-16.58466357,-0.09841301083,-0.03146287702,0.02996766134,0.08558585501
-16.68457118,-0.2488244329,-0.07953960126,0.07575960664,0.2163649221
-16.7844788,-0.3992358549,-0.1276163255,0.1215515519,0.3471439891
-16.88438641,-0.549647277,-0.1756930498,0.1673434973,0.4779230562
-16.98429402,-0.700058699,-0.223769774,0.2131354426,0.6087021232
-17.08420163,0.6550047889,0.209365311,-0.1994155196,-0.5695188408
-17.18410924,0.5045933668,0.1612885867,-0.1536235743,-0.4387397738
-17.28401685,0.3541819448,0.1132118625,-0.107831629,-0.3079607067
-17.38392447,0.2037705227,0.06513513824,-0.06203968369,-0.1771816397
-17.48383208,0.05335910066,0.017058414,-0.01624773838,-0.04640257261
-17.58373969,-0.09705232139,-0.03101831025,0.02954420692,0.08437649444
-17.6836473,-0.2474637434,-0.0790950345,0.07533615223,0.2151555615
-17.78355491,-0.3978751655,-0.1271717587,0.1211280975,0.3459346285
-17.88346253,-0.5482865875,-0.175248483,0.1669200428,0.4767136956
-17.98337014,-0.6986980096,-0.2233252072,0.2127119881,0.6074927626
-18.08327775,0.6564122304,0.2098098996,-0.199838974,-0.5707282014
-18.18318536,0.5060008084,0.1617331754,-0.1540470287,-0.4399491343
-18.28309297,0.3555893863,0.1136564511,-0.1082550834,-0.3091700673
-18.38300059,0.2051779643,0.06557972686,-0.0624631381,-0.1783910002
-18.4829082,0.05476654223,0.01750300261,-0.01667119279,-0.04761193318
-18.58281581,-0.09564487982,-0.03057372164,0.02912075251,0.08316713387
-18.68272342,-0.2460563019,-0.07865044588,0.07491269782,0.2139462009
-18.78263103,-0.3964677239,-0.1267271701,0.1207046431,0.344725268
-18.88253864,-0.546879146,-0.1748038944,0.1664965884,0.475504335
-18.98244626,-0.697290568,-0.2228806186,0.2122885337,0.6062834021
-19.08235387,0.6577940923,0.2102544799,-0.2002624284,-0.571937562
-19.18226148,0.5073826703,0.1621777556,-0.1544704831,-0.4411584949
-19.28216909,0.3569712482,0.1141010314,-0.1086785378,-0.3103794279
-19.3820767,0.2065598262,0.06602430713,-0.06288659251,-0.1796003608
-19.48198432,0.05614840412,0.01794758288,-0.01709464721,-0.04882129375
-19.58189193,-0.09426301793,-0.03012914137,0.0286972981,0.0819577733
-19.68179954,-0.24467444,-0.07820586562,0.07448924341,0.2127368404
-19.78170715,-0.395085862,-0.1262825899,0.1202811887,0.3435159074
-19.88161476,-0.5454972841,-0.1743593141,0.166073134,0.4742949745
-19.98152238,-0.6959087061,-0.2224360384,0.2118650793,0.6050740415
-20.08142999,0.6591899497,0.2106990633,-0.2006858828,-0.5731469225
-20.1813376,0.5087785276,0.1626223391,-0.1548939375,-0.4423678555
-20.28124521,0.3583671056,0.1145456148,-0.1091019922,-0.3115887884
-20.38115282,0.2079556835,0.06646889059,-0.06331004692,-0.1808097214
-20.48106043,0.05754426146,0.01839216634,-0.01751810162,-0.05003065431
-20.58096805,-0.09286716059,-0.02968455791,0.02827384369,0.08074841274
-20.68087566,-0.2432785826,-0.07776128216,0.07406578899,0.2115274798
-20.78078327,-0.3936900047,-0.1258380064,0.1198577343,0.3423065468
-20.88069088,-0.5441014267,-0.1739147307,0.1656496796,0.4730856139
-20.98059849,-0.6945128488,-0.2219914549,0.2114416249,0.6038646809
-21.08050611,0.6605781496,0.2111436456,-0.2011093373,-0.5743562831
-21.18041372,0.5101667276,0.1630669213,-0.1553173919,-0.443577216
-21.28032133,0.3597553055,0.1149901971,-0.1095254466,-0.312798149
-21.38022894,0.2093438835,0.06691347283,-0.06373350134,-0.1820190819
-21.48013655,0.05893246143,0.01883674858,-0.01794155603,-0.05124001488
-21.58004417,-0.09147896062,-0.02923997567,0.02785038928,0.07953905217
-21.67995178,-0.2418903827,-0.07731669992,0.07364233458,0.2103181192
-21.77985939,-0.3923018047,-0.1253934242,0.1194342799,0.3410971863
-21.879767,-0.5427132268,-0.1734701484,0.1652262252,0.4718762533
-21.97967461,-0.6931246488,-0.2215468727,0.2110181705,0.6026553204
-22.07958222,0.6619705392,0.2115882283,-0.2015327917,-0.5755656437
-22.17948984,0.5115591171,0.163511504,-0.1557408464,-0.4447865766
-22.27939745,0.3611476951,0.1154347798,-0.1099489011,-0.3140075096
-22.37930506,0.210736273,0.06735805553,-0.06415695575,-0.1832284425
-22.47921267,0.06032485099,0.01928133128,-0.01836501044,-0.05244937545
-22.57912028,-0.09008657106,-0.02879539297,0.02742693486,0.0783296916
-22.6790279,-0.2404979931,-0.07687211721,0.07321888017,0.2091087587
-22.77893551,-0.3909094152,-0.1249488415,0.1190108255,0.3398878257
-22.87884312,-0.5413208372,-0.1730255657,0.1648027708,0.4706668928
-22.97875073,-0.6917322593,-0.22110229,0.2105947161,0.6014459598
-23.07865834,0.6633606365,0.2120328108,-0.2019562461,-0.5767750042
-23.17856596,0.5129492144,0.1639560866,-0.1561643008,-0.4459959372
-23.27847357,0.3625377924,0.1158793623,-0.1103723555,-0.3152168701
-23.37838118,0.2121263703,0.06780263806,-0.06458041016,-0.1844378031
-23.47828879,0.06171494828,0.01972591381,-0.01878846485,-0.05365873602
-23.5781964,-0.08869647376,-0.02835081044,0.02700348045,0.07712033103
-23.67810401,-0.2391078958,-0.07642753469,0.07279542576,0.2078993981
-23.77801163,-0.3895193179,-0.1245042589,0.1185873711,0.3386784651
-23.87791924,-0.5399307399,-0.1725809832,0.1643793164,0.4694575322
-23.97782685,-0.690342162,-0.2206577074,0.2101712617,0.6002365992
-24.07773446,0.6647519879,0.2124773934,-0.2023797005,-0.5779843648
-24.17764207,0.5143405659,0.1644006691,-0.1565877552,-0.4472052977
-24.27754969,0.3639291438,0.1163239449,-0.1107958099,-0.3164262307
-24.3774573,0.2135177218,0.06824722065,-0.06500386457,-0.1856471636
-24.47736491,0.06310629975,0.0201704964,-0.01921191927,-0.05486809659
-24.57727252,-0.0873051223,-0.02790622784,0.02658002604,0.07591097047
-24.67718013,-0.2377165443,-0.07598295209,0.07237197134,0.2066900375
-24.77708775,-0.3881279664,-0.1240596763,0.1181639167,0.3374691046
-24.87699536,-0.5385393884,-0.1721364006,0.163955862,0.4682481716
-24.97690297,-0.6889508105,-0.2202131248,0.2097478073,0.5990272387
-25.07681058,0.6661426532,0.212921976,-0.2028031549,-0.5791937254
-25.17671819,0.5157312312,0.1648452517,-0.1570112096,-0.4484146583
-25.2766258,0.3653198091,0.1167685275,-0.1112192643,-0.3176355913
-25.37653342,0.2149083871,0.06869180322,-0.06542731899,-0.1868565242
-25.47644103,0.06449696502,0.02061507897,-0.01963537368,-0.05607745715
-25.57634864,-0.08591445702,-0.02746164527,0.02615657163,0.0747016099
-25.67625625,-0.2363258791,-0.07553836952,0.07194851693,0.205480677
-25.77616386,-0.3867373011,-0.1236150938,0.1177404622,0.336259744
-25.87607148,-0.5371487232,-0.171691818,0.1635324075,0.4670388111
-25.97597909,-0.6875601452,-0.2197685423,0.2093243528,0.5978178781
-26.0758867,0.6675336939,0.2133665585,-0.2032266093,-0.5804030859
-26.17579431,0.5171222719,0.1652898343,-0.157434664,-0.4496240189
-26.27570192,0.3667108498,0.11721311,-0.1116427187,-0.3188449518
-26.37560954,0.2162994278,0.0691363858,-0.0658507734,-0.1880658848
-26.47551715,0.06588800574,0.02105966155,-0.02005882809,-0.05728681772
-26.57542476,-0.08452341631,-0.0270170627,0.02573311721,0.07349224933
-26.67533237,-0.2349348384,-0.07509378694,0.07152506252,0.2042713164
-26.77523998,-0.3853462604,-0.1231705112,0.1173170078,0.3350503834
-26.87514759,-0.5357576825,-0.1712472354,0.1631089531,0.4658294505
-26.97505521,-0.6861691045,-0.2193239597,0.2089008984,0.5966085175
-27.07496282,0.6689245292,0.2138111411,-0.2036500637,-0.5816124465
-27.17487043,0.5185131072,0.1657344169,-0.1578581184,-0.4508333794
-27.27477804,0.3681016851,0.1176576926,-0.1120661731,-0.3200543124
-27.37468565,0.2176902631,0.06958096838,-0.06627422781,-0.1892752453
-27.47459327,0.06727884103,0.02150424413,-0.0204822825,-0.05849617829
-27.57450088,-0.08313258102,-0.02657248012,0.0253096628,0.07228288876
-27.67440849,-0.2335440031,-0.07464920437,0.07110160811,0.2030619558
-27.7743161,-0.3839554251,-0.1227259286,0.1168935534,0.3338410229
-27.87422371,-0.5343668472,-0.1708026529,0.1626854987,0.4646200899
-27.97413133,-0.6847782692,-0.2188793771,0.208477444,0.595399157
-28.07403894,0.6703154769,0.2142557237,-0.2040735181,-0.5828218071
-28.17394655,0.5199040549,0.1661789994,-0.1582815728,-0.45204274
-28.27385416,0.3694926328,0.1181022752,-0.1124896275,-0.321263673
-28.37376177,0.2190812108,0.07002555095,-0.06669768222,-0.1904846059
-28.47366938,0.06866978872,0.0219488267,-0.02090573692,-0.05970553886
-28.573577,-0.08174163333,-0.02612789754,0.02488620839,0.07107352819
-28.67348461,-0.2321530554,-0.07420462179,0.0706781537,0.2018525952
-28.77339222,-0.3825644774,-0.122281346,0.116470099,0.3326316623
-28.87329983,-0.5329758995,-0.1703580703,0.1622620443,0.4634107294
-28.97320744,-0.6833873215,-0.2184347945,0.2080539896,0.5941897964
-29.07311506,0.6717063631,0.2147003063,-0.2044969726,-0.5840311676
-29.17302267,0.5212949411,0.166623582,-0.1587050272,-0.4532521006
-29.27293028,0.370883519,0.1185468578,-0.1129130819,-0.3224730335
-29.37283789,0.220472097,0.07047013353,-0.06712113663,-0.1916939665
-29.4727455,0.07006067491,0.02239340928,-0.02132919133,-0.06091489943
-29.57265312,-0.08035074714,-0.02568331497,0.02446275398,0.06986416763
-29.67256073,-0.2307621692,-0.07376003922,0.07025469928,0.2006432347
-29.77246834,-0.3811735912,-0.1218367635,0.1160466446,0.3314223017
-29.87237595,-0.5315850133,-0.1699134877,0.1618385899,0.4622013688
-29.97228356,-0.6819964353,-0.217990212,0.2076305352,0.5929804358
-30.07219117,0.6730972829,0.2151448888,-0.204920427,-0.5852405282
-30.17209879,0.5226858609,0.1670681646,-0.1591284817,-0.4544614611
-30.2720064,0.3722744388,0.1189914404,-0.1133365364,-0.3236823941
-30.37191401,0.2218630168,0.0709147161,-0.06754459105,-0.192903327
-30.47182162,0.07145159475,0.02283799186,-0.02175264574,-0.06212425999
-30.57172923,-0.0789598273,-0.02523873239,0.02403929957,0.06865480706
-30.67163685,-0.2293712493,-0.07331545664,0.06983124487,0.1994338741
-30.77154446,-0.3797826714,-0.1213921809,0.1156231902,0.3302129412
-30.87145207,-0.5301940934,-0.1694689051,0.1614151355,0.4609920082
-30.97135968,-0.6806055155,-0.2175456294,0.2072070808,0.5917710753
-31.07126729,0.6744881844,0.2155894714,-0.2053438814,-0.5864498888
-31.17117491,0.5240767623,0.1675127472,-0.1595519361,-0.4556708217
-31.27108252,0.3736653403,0.1194360229,-0.1137599908,-0.3248917547
-31.37099013,0.2232539182,0.07135929868,-0.06796804546,-0.1941126876
-31.47089774,0.07284249618,0.02328257443,-0.02217610015,-0.06333362056
-31.57080535,-0.07756892587,-0.02479414982,0.02361584515,0.06744544649
-31.67071296,-0.2279803479,-0.07287087406,0.06940779046,0.1982245135
-31.77062058,-0.37839177,-0.1209475983,0.1151997358,0.3290035806
-31.87052819,-0.528803192,-0.1690243226,0.1609916811,0.4597826476
-31.9704358,-0.6792146141,-0.2171010468,0.2067836264,0.5905617147
-32.07034341,0.6758790959,0.216034054,-0.2057673358,-0.5876592493
-32.17025102,0.5254676738,0.1679573298,-0.1599753905,-0.4568801823
-32.27015864,0.3750562518,0.1198806055,-0.1141834452,-0.3261011152
-32.37006625,0.2246448297,0.07180388126,-0.06839149987,-0.1953220482
-32.46997386,0.07423340768,0.02372715701,-0.02259955457,-0.06454298113
-32.56988147,-0.07617801437,-0.02434956724,0.02319239074,0.06623608592
-32.66978908,-0.2265894364,-0.07242629149,0.06898433605,0.197015153
-32.7696967,-0.3770008585,-0.1205030157,0.1147762814,0.32779422
-32.86960431,-0.5274122805,-0.16857974,0.1605682267,0.4585732871
-32.96951192,-0.6778237026,-0.2166564642,0.206360172,0.5893523541
-33.06941953,0.6772700019,0.2164786366,-0.2061907902,-0.5888686099
-33.16932714,0.5268585798,0.1684019123,-0.1603988449,-0.4580895429
-33.26923475,0.3764471578,0.1203251881,-0.1146068996,-0.3273104758
-33.36914237,0.2260357357,0.07224846383,-0.06881495428,-0.1965314087
-33.46904998,0.07562431367,0.02417173958,-0.02302300898,-0.0657523417
-33.56895759,-0.07478710837,-0.02390498466,0.02276893633,0.06502672536
-33.6688652,-0.2251985304,-0.07198170891,0.06856088163,0.1958057924
-33.76877281,-0.3756099525,-0.1200584332,0.1143528269,0.3265848595
-33.86868043,-0.5260213745,-0.1681351574,0.1601447722,0.4573639265
-33.96858804,-0.6764327966,-0.2162118817,0.2059367176,0.5881429936
-34.06849565,0.6786609109,0.2169232192,-0.2066142446,-0.5900779705
-34.16840326,0.5282494888,0.1688464949,-0.1608222993,-0.4592989034
-34.26831087,0.3778380668,0.1207697707,-0.115030354,-0.3285198364
-34.36821849,0.2274266447,0.07269304641,-0.0692384087,-0.1977407693
-34.4681261,0.07701522268,0.02461632216,-0.02344646339,-0.06696170226
-34.56803371,-0.07339619937,-0.02346040209,0.02234548192,0.06381736479
-34.66794132,-0.2238076214,-0.07153712634,0.06813742722,0.1945964318
-34.76784893,-0.3742190435,-0.1196138506,0.1139293725,0.3253754989
-34.86775654,-0.5246304655,-0.1676905748,0.1597213178,0.4561545659
-34.96766416,-0.6750418876,-0.2157672991,0.2055132631,0.586933633
-35.06757177,0.6800518182,0.2173678017,-0.207037699,-0.591287331
-35.16747938,0.5296403962,0.1692910775,-0.1612457537,-0.460508264
-35.26738699,0.3792289741,0.1212143532,-0.1154538084,-0.3297291969
-35.3672946,0.2288175521,0.07313762899,-0.06966186311,-0.1989501299
-35.46720222,0.07840613004,0.02506090474,-0.0238699178,-0.06817106283
-35.56710983,-0.07200529201,-0.02301581951,0.0219220275,0.06260800422
-35.66701744,-0.2224167141,-0.07109254376,0.06771397281,0.1933870713
-35.76692505,-0.3728281361,-0.119169268,0.1135059181,0.3241661383
-35.86683266,-0.5232395582,-0.1672459923,0.1592978634,0.4549452054
-35.96674028,-0.6736509802,-0.2153227165,0.2050898087,0.5857242724
-36.06664789,0.6814427265,0.2178123843,-0.2074611534,-0.5924966916
-36.1665555,0.5310313044,0.1697356601,-0.1616692081,-0.4617176246
-36.26646311,0.3806198824,0.1216589358,-0.1158772628,-0.3309385575
-36.36637072,0.2302084603,0.07358221156,-0.07008531752,-0.2001594905
-36.46627833,0.0797970383,0.02550548731,-0.02429337221,-0.0693804234
-36.56618595,-0.07061438375,-0.02257123694,0.02149857309,0.06139864365
-36.66609356,-0.2210258058,-0.07064796118,0.0672905184,0.1921777107
-36.76600117,-0.3714372278,-0.1187246854,0.1130824637,0.3229567778
-36.86590878,-0.5218486499,-0.1668014097,0.158874409,0.4537358448
-36.96581639,-0.6722600719,-0.2148781339,0.2046663543,0.5845149119
-37.06572401,0.6828336343,0.2182569669,-0.2078846078,-0.5937060522
-37.16563162,0.5324222122,0.1701802426,-0.1620926625,-0.4629269851
-37.26553923,0.3820107902,0.1221035184,-0.1163007172,-0.3321479181
-37.36544684,0.2315993681,0.07402679414,-0.07050877193,-0.201368851
-37.46535445,0.08118794606,0.02595006989,-0.02471682663,-0.07058978397
-37.56526207,-0.06922347599,-0.02212665436,0.02107511868,0.06018928308
-37.66516968,-0.219634898,-0.07020337861,0.06686706399,0.1909683501
-37.76507729,-0.3700463201,-0.1182801029,0.1126590093,0.3217474172
-37.8649849,-0.5204577421,-0.1663568271,0.1584509546,0.4525264842
-37.96489251,-0.6708691642,-0.2144335514,0.2042428999,0.5833055513
-38.06480012,0.6842245423,0.2187015495,-0.2083080623,-0.5949154127
-38.16470774,0.5338131202,0.1706248252,-0.162516117,-0.4641363457
-38.26461535,0.3834016982,0.122548101,-0.1167241717,-0.3333572786
-38.36452296,0.2329902761,0.07447137671,-0.07093222634,-0.2025782116
-38.46443057,0.0825788541,0.02639465246,-0.02514028104,-0.07179914454
-38.56433818,-0.06783256795,-0.02168207178,0.02065166427,0.05897992252
-38.6642458,-0.21824399,-0.06975879603,0.06644360957,0.1897589896
-38.76415341,-0.368655412,-0.1178355203,0.1122355549,0.3205380566
-38.86406102,-0.5190668341,-0.1659122445,0.1580275002,0.4513171237
-38.96396863,-0.6694782561,-0.2139889688,0.2038194455,0.5820961907
-39.06387624,0.6856154502,0.219146132,-0.2087315167,-0.5961247733
-39.16378386,0.5352040281,0.1710694078,-0.1629395714,-0.4653457063
-39.26369147,0.3847926061,0.1229926835,-0.1171476261,-0.3345666392
-39.36359908,0.234381184,0.07491595929,-0.07135568076,-0.2037875722
-39.46350669,0.08396976199,0.02683923504,-0.02556373545,-0.0730085051
-39.5634143,-0.06644166006,-0.02123748921,0.02022820985,0.05777056195
-39.66332191,-0.2168530821,-0.06931421346,0.06602015516,0.188549629
-39.76322953,-0.3672645042,-0.1173909377,0.1118121005,0.3193286961
-39.86313714,-0.5176759262,-0.165467662,0.1576040458,0.4501077631
-39.96304475,-0.6680873483,-0.2135443862,0.2033959911,0.5808868302
-40.06295236,0.6870063581,0.2195907146,-0.2091549711,-0.5973341339
-40.16285997,0.5365949361,0.1715139904,-0.1633630258,-0.4665550668
-40.26276759,0.3861835141,0.1234372661,-0.1175710805,-0.3357759998
-40.3626752,0.235772092,0.07536054187,-0.07177913517,-0.2049969327
-40.46258281,0.08536066995,0.02728381762,-0.02598718986,-0.07421786567
-40.56249042,-0.06505075209,-0.02079290663,0.01980475544,0.05656120138
-40.66239803,-0.2154621741,-0.06886963088,0.06559670075,0.1873402684
-40.76230565,-0.3658735962,-0.1169463551,0.1113886461,0.3181193355
-40.86221326,-0.5162850182,-0.1650230794,0.1571805914,0.4488984025
-40.96212087,-0.6666964403,-0.2130998036,0.2029725367,0.5796774696
-41.06202848,0.6883972661,0.2200352972,-0.2095784255,-0.5985434944
-41.16193609,0.537985844,0.1719585729,-0.1637864802,-0.4677644274
-41.2618437,0.387574422,0.1238818487,-0.1179945349,-0.3369853603
-41.36175132,0.2371629999,0.07580512444,-0.07220258958,-0.2062062933
-41.46165893,0.08675157788,0.02772840019,-0.02641064428,-0.07542722624
-41.56156654,-0.06365984417,-0.02034832406,0.01938130103,0.05535184081
-41.66147415,-0.2140712662,-0.0684250483,0.06517324634,0.1861309079
-41.76138176,-0.3644826883,-0.1165017726,0.1109651916,0.3169099749
-41.86128938,-0.5148941103,-0.1645784968,0.1567571369,0.447689042
-41.96119699,-0.6653055324,-0.212655221,0.2025490823,0.578468109
-42.0611046,0.689788174,0.2204798798,-0.2100018799,-0.599752855
-42.16101221,0.539376752,0.1724031555,-0.1642099346,-0.468973788
-42.26091982,0.3889653299,0.1243264313,-0.1184179893,-0.3381947209
-42.36082744,0.2385539079,0.07624970702,-0.07262604399,-0.2074156539
-42.46073505,0.08814248583,0.02817298277,-0.02683409869,-0.07663658681
-42.56064266,-0.06226893622,-0.01990374148,0.01895784662,0.05414248025
-42.66055027,-0.2126803583,-0.06798046573,0.06474979192,0.1849215473
-42.76045788,-0.3630917803,-0.11605719,0.1105417372,0.3157006143
-42.86036549,-0.5135032024,-0.1641339142,0.1563336825,0.4464796814
-42.96027311,-0.6639146244,-0.2122106385,0.2021256278,0.5772587485
-43.06018072,0.691179082,0.2209244623,-0.2104253343,-0.6009622156
-43.16008833,0.5407676599,0.1728477381,-0.164633389,-0.4701831485
-43.25999594,0.3903562379,0.1247710138,-0.1188414437,-0.3394040815
-43.35990355,0.2399448158,0.07669428959,-0.07304949841,-0.2086250144
-43.45981117,0.08953339376,0.02861756535,-0.0272575531,-0.07784594737
-43.55971878,-0.06087802829,-0.0194591589,0.01853439221,0.05293311968
-43.65962639,-0.2112894503,-0.06753588315,0.06432633751,0.1837121867
-43.759534,-0.3617008724,-0.1156126074,0.1101182828,0.3144912538
-43.85944161,-0.5121122944,-0.1636893316,0.1559102281,0.4452703208
-43.95934923,-0.6625237165,-0.2117660559,0.2017021734,0.5760493879
-44.05925684,0.6925699899,0.2213690449,-0.2108487887,-0.6021715762
-44.15916445,0.5421585679,0.1732923207,-0.1650568434,-0.4713925091
-44.25907206,0.3917471458,0.1252155964,-0.1192648981,-0.340613442
-44.35897967,0.2413357238,0.07713887217,-0.07347295282,-0.209834375
-44.45888728,0.09092430171,0.02906214792,-0.02768100751,-0.07905530794
-44.5587949,-0.05948712034,-0.01901457633,0.01811093779,0.05172375911
-44.65870251,-0.2098985424,-0.06709130058,0.0639028831,0.1825028262
-44.75861012,-0.3603099644,-0.1151680248,0.1096948284,0.3132818932
-44.85851773,-0.5107213865,-0.1632447491,0.1554867737,0.4440609603
-44.95842534,-0.6611328085,-0.2113214733,0.201278719,0.5748400273
-45.05833296,0.6939608978,0.2218136275,-0.2112722431,-0.6033809367
-45.15824057,0.5435494758,0.1737369032,-0.1654802978,-0.4726018697
-45.25814818,0.3931380537,0.125660179,-0.1196883525,-0.3418228026
-45.35805579,0.2427266317,0.07758345475,-0.07389640723,-0.2110437356
-45.4579634,0.09231520964,0.0295067305,-0.02810446192,-0.08026466851
-45.55787102,-0.0580962124,-0.01856999375,0.01768748338,0.05051439854
-45.65777863,-0.2085076345,-0.066646718,0.06347942869,0.1812934656
-45.75768624,-0.3589190565,-0.1147234422,0.109271374,0.3120725326
-45.85759385,-0.5093304785,-0.1628001665,0.1550633193,0.4428515997
-45.95750146,-0.6597419006,-0.2108768907,0.2008552646,0.5736306668
-46.05740907,0.6953518058,0.2222582101,-0.2116956976,-0.6045902973
-46.15731669,0.5449403837,0.1741814858,-0.1659037523,-0.4738112302
-46.2572243,0.3945289617,0.1261047616,-0.1201118069,-0.3430321632
-46.35713191,0.2441175396,0.07802803732,-0.07431986164,-0.2122530961
-46.45703952,0.09370611759,0.02995131307,-0.02852791634,-0.08147402908
-46.55694713,-0.05670530446,-0.01812541117,0.01726402897,0.04930503797
-46.65685475,-0.2071167265,-0.06620213542,0.06305597427,0.180084105
-46.75676236,-0.3575281486,-0.1142788597,0.1088479196,0.3108631721
-46.85666997,-0.5079395706,-0.1623555839,0.1546398649,0.4416422391
-46.95657758,-0.6583509927,-0.2104323082,0.2004318102,0.5724213062
-47.05648519,0.6967427137,0.2227027926,-0.212119152,-0.6057996579
-47.15639281,0.5463312917,0.1746260684,-0.1663272067,-0.4750205908
-47.25630042,0.3959198696,0.1265493441,-0.1205352614,-0.3442415237
-47.35620803,0.2455084476,0.0784726199,-0.07474331606,-0.2134624567
-47.45611564,0.09509702553,0.03039589565,-0.02895137075,-0.08268338965
-47.55602325,-0.05531439652,-0.0176808286,0.01684057456,0.04809567741
-47.65593087,-0.2057258186,-0.06575755285,0.06263251986,0.1788747445
-47.75583848,-0.3561372406,-0.1138342771,0.1084244652,0.3096538115
-47.85574609,-0.5065486627,-0.1619110013,0.1542164105,0.4404328786
-47.9556537,-0.6569600847,-0.2099877256,0.2000083558,0.5712119456
-48.05556131,0.6981336217,0.2231473752,-0.2125426064,-0.6070090184
-48.15546892,0.5477221996,0.175070651,-0.1667506611,-0.4762299514
-48.25537654,0.3973107776,0.1269939267,-0.1209587158,-0.3454508843
-48.35528415,0.2468993555,0.07891720247,-0.07516677047,-0.2146718173
-48.45519176,0.09648793347,0.03084047823,-0.02937482516,-0.08389275021
-48.55509937,-0.05392348858,-0.01723624602,0.01641712014,0.04688631684
-48.65500698,-0.2043349106,-0.06531297027,0.06220906545,0.1776653839
-48.7549146,-0.3547463327,-0.1133896945,0.1080010108,0.3084444509
-48.85482221,-0.5051577547,-0.1614664188,0.1537929561,0.439223518
-48.95472982,-0.6555691768,-0.209543143,0.1995849014,0.570002585
-49.05463743,0.6995245296,0.2235919578,-0.2129660608,-0.608218379
-49.15454504,0.5491131076,0.1755152335,-0.1671741155,-0.4774393119
-49.25445266,0.3987016855,0.1274385093,-0.1213821702,-0.3466602449
-49.35436027,0.2482902635,0.07936178505,-0.07559022488,-0.2158811778
-49.45426788,0.09787884141,0.0312850608,-0.02979827957,-0.08510211078
-49.55417549,-0.05253258064,-0.01679166345,0.01599366573,0.04567695627
-49.6540831,-0.2029440027,-0.06486838769,0.06178561104,0.1764560233
-49.75399071,-0.3533554247,-0.1129451119,0.1075775563,0.3072350904
-49.85389833,-0.5037668468,-0.1610218362,0.1533695016,0.4380141574
-49.95380594,-0.6541782688,-0.2090985604,0.199161447,0.5687932245
-50.05371355,0.7009154375,0.2240365404,-0.2133895152,-0.6094277396
-50.15362116,0.5505040155,0.1759598161,-0.1675975699,-0.4786486725
-50.25352877,0.4000925934,0.1278830919,-0.1218056246,-0.3478696055
-50.35343639,0.2496811714,0.07980636763,-0.07601367929,-0.2170905384
-50.453344,0.09926974935,0.03172964338,-0.03022173399,-0.08631147135
-50.55325161,-0.0511416727,-0.01634708087,0.01557021132,0.0444675957
-50.65315922,-0.2015530948,-0.06442380512,0.06136215663,0.1752466628
-50.75306683,-0.3519645168,-0.1125005294,0.1071541019,0.3060257298
-50.85297445,-0.5023759388,-0.1605772536,0.1529460472,0.4368047969
-50.95288206,-0.6527873609,-0.2086539779,0.1987379925,0.5675838639
-51.05278967,0.7023063455,0.2244811229,-0.2138129696,-0.6106371001
-51.15269728,0.5518949234,0.1764043987,-0.1680210243,-0.4798580331
-51.25260489,0.4014835014,0.1283276745,-0.122229079,-0.349078966
-51.3525125,0.2510720793,0.0802509502,-0.0764371337,-0.218299899
-51.45242012,0.1006606573,0.03217422595,-0.0306451884,-0.08752083192
-51.55232773,-0.04975076476,-0.01590249829,0.01514675691,0.04325823514
-51.65223534,-0.2001621868,-0.06397922254,0.06093870221,0.1740373022
-51.75214295,-0.3505736089,-0.1120559468,0.1067306475,0.3048163692
-51.85205056,-0.5009850309,-0.160132671,0.1525225928,0.4355954363
-51.95195818,-0.651396453,-0.2082093953,0.1983145381,0.5663745033
-52.05186579,0.7036972534,0.2249257055,-0.214236424,-0.6118464607
-52.1517734,0.5532858314,0.1768489813,-0.1684444787,-0.4810673936
-52.25168101,0.4028744093,0.128772257,-0.1226525334,-0.3502883266
-52.35158862,0.2524629873,0.08069553278,-0.07686058812,-0.2195092595
-52.45149624,0.1020515652,0.03261880853,-0.03106864281,-0.08873019248
-52.55140385,-0.04835985682,-0.01545791572,0.0147233025,0.04204887457
-52.65131146,-0.1987712789,-0.06353463997,0.0605152478,0.1728279416
-52.75121907,-0.3491827009,-0.1116113642,0.1063071931,0.3036070087
-52.85112668,-0.499594123,-0.1596880885,0.1520991384,0.4343860757
-52.95103429,-0.650005545,-0.2077648127,0.1978910837,0.5651651428
-53.05094191,0.7050881614,0.2253702881,-0.2146598784,-0.6130558213
-53.15084952,0.5546767393,0.1772935639,-0.1688679331,-0.4822767542
