# ln Z_q(eps) - tau(q) ln eps (mean removed); p=(0.7, 0.3), r=(0.25, 0.4)
log2_eps,q-2,q0,q2,q4
-13.28771238,0.6690874188,-0.04563190852,0.1212398543,0.216872455
-13.38761999,0.4837348486,0.09308918849,-0.06773666269,0.1328939881
-13.4875276,0.297915006,0.05077821953,-0.03913890121,0.2031276072
-13.58743522,0.1120951633,0.008467250578,-0.01054113974,0.2733612262
-13.68734283,-0.07372467931,-0.03384371838,0.01805662174,0.3435948452
-13.78725044,-0.2595445219,-0.07615468733,0.04665438322,0.4138284643
-13.88715805,-0.4453643646,-0.1184656563,0.07525214469,0.4840620833
-13.98706566,0.2288513845,0.118808237,0.07201026751,0.5539311597
-14.08697327,0.04303154346,0.07812196374,-0.109384826,-0.6008853406
-14.18688089,-0.1427882992,0.03581099479,-0.08078706455,-0.5306517216
-14.2867885,-0.3286081418,-0.006499974169,-0.05218930308,-0.4604181025
-14.38669611,-0.5144279844,-0.04881094313,-0.0235915416,-0.3901844835
-14.48660372,-0.7002478271,-0.09112191208,0.005006219874,-0.3199508644
-14.58651133,0.6965234567,-0.06141428863,0.03360237883,-0.2497172454
-14.68641895,0.5115158161,0.1054235414,-0.05392183882,-0.1980520508
-14.78632656,0.3256959735,0.06311257248,-0.02532407734,-0.1278184317
-14.88623417,0.1398761308,0.02080160352,0.003273684132,-0.05758481269
-14.98614178,-0.04594371182,-0.02150936543,0.03187144561,0.01264880635
-15.08604939,-0.2317635545,-0.06382033439,0.06046920708,0.08288242539
-15.18595701,-0.4175833971,-0.1061313033,0.08906696856,0.1531160444
-15.28586462,0.2959269198,0.0004424659217,0.1176385931,0.2233496633
-15.38577223,0.1101677142,0.09047422142,-0.07440975814,0.1207239342
-15.48567984,-0.07565212848,0.04816325246,-0.04581199667,0.1909575532
-15.58558745,-0.2614719711,0.005852283506,-0.01721423519,0.2611911723
-15.68549506,-0.4472918138,-0.03645868545,0.01138352628,0.3314247913
-15.78540268,-0.6331116564,-0.07876965441,0.03998128776,0.4016584103
-15.88531029,0.6059250118,-0.1201559816,0.06857904922,0.4718920294
-15.9852179,0.5408136888,0.1170953696,0.05509707316,0.5415841452
-16.08512551,0.3549938463,0.07548296861,-0.09931544266,-0.5903339349
-16.18503312,0.1691740036,0.03317199965,-0.07071768118,-0.5201003159
-16.28494074,-0.01664583901,-0.009138969306,-0.04211991971,-0.4498666968
-16.38484835,-0.2024656816,-0.05144993826,-0.01352215823,-0.3796330778
-16.48475596,-0.3882855243,-0.09376090722,0.01507560325,-0.3093994588
-16.58466357,0.3602239592,-0.0195310767,0.0436683139,-0.2391658397
-16.68457118,0.1745169889,0.1028187773,-0.05790308905,-0.1920941503
-16.7844788,-0.01130285376,0.06050780833,-0.02930532758,-0.1218605312
-16.88438641,-0.1971226964,0.01819683937,-0.0007075661016,-0.05162691219
-16.98429402,-0.382942539,-0.02411412958,0.02789019537,0.01860670685
-17.08420163,-0.5687623817,-0.06642509854,0.05648795685,0.08884032589
-17.18410924,-0.7545822243,-0.1087360675,0.08508571832,0.1590739449
-17.28401685,0.5715079203,0.0389762913,0.1136208098,0.2293075634
-17.38392447,0.3856918855,0.0878455622,-0.07895711522,0.108779279
-17.48383208,0.1998720429,0.04553459324,-0.05035935374,0.1790128981
-17.58373969,0.01405220026,0.003223624287,-0.02176159227,0.2492465171
-17.6836473,-0.1717676424,-0.03908734467,0.006836169207,0.3194801361
-17.78355491,-0.357587485,-0.08139831363,0.03543393068,0.3897137552
-17.88346253,0.3913665153,-0.1185495172,0.064031692,0.4599473742
-17.98337014,0.2364686077,0.1148740129,0.03970617312,0.5294150823
-18.08327775,0.05064876507,0.07286347954,-0.09120900914,-0.5799294418
-18.18318536,-0.1351710776,0.03055251058,-0.06261124767,-0.5096958228
-18.28309297,-0.3209909202,-0.01175845837,-0.03401348619,-0.4394622037
-18.38300059,-0.5068107628,-0.05406942733,-0.005415724715,-0.3692285847
-18.4829082,-0.6926306055,-0.09638039629,0.02318203676,-0.2989949656
-18.58281581,0.6034905089,0.02038216436,0.05176674646,-0.2287613466
-18.68272342,0.4176787189,0.1002003967,-0.06195700392,-0.1866260363
-18.78263103,0.2318588763,0.05788942771,-0.03335924244,-0.1163924173
-18.88253864,0.04603903362,0.01557845875,-0.004761480965,-0.04615879822
-18.98244626,-0.139780809,-0.0267325102,0.02383628051,0.02407482083
-19.08235387,-0.3256006516,-0.06904347916,0.05243404199,0.09430843987
-19.18226148,-0.5114204943,-0.1113544481,0.08103180346,0.1645420589
-19.28216909,0.2963470732,0.06757155597,0.1094983896,0.2347756767
-19.3820767,0.1105276216,0.08522212848,-0.08187713751,0.0970613308
-19.48198432,-0.07529222101,0.04291115952,-0.05327937604,0.1672949498
-19.58189193,-0.2611120636,0.0006001905676,-0.02468161456,0.2375285689
-19.68179954,-0.4469319063,-0.04171077839,0.003916146915,0.3077621879
-19.78170715,-0.6327517489,-0.08402174734,0.03251390839,0.377995807
-19.88161476,0.6327063749,-0.1107073984,0.06111166892,0.448229426
-19.98152238,0.4508487755,0.1124263671,0.02566416811,0.5174205579
-20.08142999,0.2650289329,0.07024462211,-0.08478237651,-0.5696821007
-20.1813376,0.07920909027,0.02793365315,-0.05618461504,-0.4994484817
-20.28124521,-0.1066107524,-0.0143773158,-0.02758685356,-0.4292148626
-20.38115282,-0.292430595,-0.05668828476,0.001010907912,-0.3589812436
-20.48106043,-0.4782504376,-0.09899925372,0.02960866939,-0.2887476245
-20.58096805,0.3544260586,0.05365875979,0.058177148,-0.2185140056
-20.68087566,0.1686070949,0.09757913659,-0.065865338,-0.181620149
-20.78078327,-0.01721274775,0.05526816763,-0.03726757652,-0.11138653
-20.88069088,-0.2030325904,0.01295719867,-0.008669815047,-0.04115291097
-20.98059849,-0.388852433,-0.02935377028,0.01992794643,0.02908070807
-21.08050611,-0.5746722757,-0.07166473924,0.0485257079,0.09931432711
-21.18041372,0.4626675979,-0.113878171,0.07712346938,0.1695479462
-21.28032133,0.4851025374,0.0869425243,0.1054733444,0.2397815625
-21.38022894,0.2992827189,0.08260130251,-0.08358357085,0.08557113579
-21.48013655,0.1134628762,0.04029033356,-0.05498580937,0.1558047548
-21.58004417,-0.07235696639,-0.0020206354,-0.0263880479,0.2260383739
-21.67995178,-0.258176809,-0.04433160436,0.002209713576,0.2962719929
-21.77985939,-0.4439966517,-0.08664257331,0.03080747505,0.366505612
-21.879767,0.4102506001,-0.09486056499,0.05940523243,0.436739231
-21.97967461,0.2251188432,0.1098797796,0.0128393352,0.5055971798
-22.07958222,0.03929900058,0.06762439555,-0.07976960623,-0.5596008036
-22.17948984,-0.1465208421,0.0253134266,-0.05117184476,-0.4893671846
-22.27939745,-0.3323406847,-0.01699754236,-0.02257408328,-0.4191335656
-22.37930506,-0.5181605273,-0.05930851132,0.006023678193,-0.3488999465
-22.47921267,0.4742883876,-0.1015638985,0.03462143967,-0.2786663275
-22.57912028,0.5203467368,0.07882394294,0.06316014853,-0.2084327086
-22.6790279,0.3345269542,0.09495812388,-0.06949055817,-0.1770507176
-22.77893551,0.1487071116,0.05264715492,-0.04089279669,-0.1068170985
-22.87884312,-0.03711273105,0.01033618597,-0.01229503522,-0.03658347948
-22.97875073,-0.2229325737,-0.03197478299,0.01630272626,0.03365013956
-23.07865834,-0.4087524163,-0.07428575194,0.04490048773,0.1038837586
-23.17856596,0.4038595514,-0.1158836785,0.07349824921,0.1741173776
-23.27847357,0.2802603857,0.09899579789,0.1016636219,0.2443509915
-23.37838118,0.09444054516,0.07998081811,-0.08441145352,0.07430948081
-23.47828879,-0.09137929748,0.03766984916,-0.05581369205,0.1445430998
-23.5781964,-0.2771991401,-0.004641119799,-0.02721593057,0.2147767189
-23.67810401,-0.4630189827,-0.04695208876,0.001381830903,0.2850103379
-23.77801163,-0.6488388254,-0.08926305771,0.02997959238,0.355243957
-23.87791924,0.5564206986,-0.07143394252,0.05857733962,0.425477576
-23.97782685,0.3706745937,0.10729078,0.001128915597,0.4939415811
-24.07773446,0.1848547511,0.06500372102,-0.07592890122,-0.5496932102
-24.17764207,-0.0009650915562,0.02269275206,-0.04733113974,-0.4794595912
-24.27754969,-0.1867849342,-0.0196182169,-0.01873337827,-0.4092259721
-24.3774573,-0.3726047768,-0.06192918585,0.009864383206,-0.3389923531
-24.47736491,0.448426275,-0.1038098725,0.03846214468,-0.2687587341
-24.57727252,0.3342010548,0.09638380315,0.06695039363,-0.1985251153
-24.67718013,0.1483812178,0.09233741223,-0.07275532072,-0.172893606
-24.77708775,-0.03743862487,0.05002644327,-0.04415755925,-0.1026599869
-24.87699536,-0.2232584675,0.007715474313,-0.01555979777,-0.0324263679
-24.97690297,-0.4090783101,-0.03459549464,0.0130379637,0.03780725114
-25.07681058,-0.5948981528,-0.0769064636,0.04163572518,0.1080408702
-25.17671819,0.582265838,-0.1164417558,0.07023348665,0.1782744892
-25.2766258,0.4076447519,0.1057594058,0.09812422648,0.2485080988
-25.37653342,0.2218249094,0.07736022537,-0.08462588085,0.06327689617
-25.47644103,0.03600506679,0.03504925641,-0.05602811937,0.1335105152
-25.57634864,-0.1498147758,-0.007261712546,-0.0274303579,0.2037441343
-25.67625625,-0.3356346185,-0.0495726815,0.001167403577,0.2739777533
-25.77616386,-0.5214544611,-0.09188365046,0.02976516505,0.3442113723
-25.87607148,0.3870768185,-0.04281359096,0.0583628845,0.4144449914
-25.97597909,0.2012668808,0.1046837092,-0.009550463594,0.4824504244
-26.0758867,0.01544703812,0.06238302533,-0.0730457763,-0.5399658546
-26.17579431,-0.1703728045,0.02007205637,-0.04444801482,-0.4697322356
-26.27570192,-0.3561926472,-0.02223891258,-0.01585025335,-0.3994986165
-26.37560954,-0.5420124898,-0.06454988154,0.01274750813,-0.3292649975
-26.47551715,0.6173772406,-0.1050933938,0.0413452696,-0.2590313785
-26.57542476,0.4453625524,0.1077129619,0.06975326232,-0.18879776
-26.67533237,0.2595427101,0.08971676833,-0.07562602278,-0.1691261764
-26.77523998,0.0737228675,0.04740579937,-0.0470282613,-0.0988925574
-26.87514759,-0.1120969751,0.005094830416,-0.01843049983,-0.02865893835
-26.97505521,-0.2979168178,-0.03721613854,0.01016726165,0.04157468069
-27.07496282,-0.4837366604,-0.0795271075,0.03876502313,0.1118082997
-27.17487043,0.4367263394,-0.1141888944,0.0673627846,0.1820419188
-27.27477804,0.2532237126,0.1089356548,0.0948644869,0.2522755214
-27.37468565,0.06740386995,0.07473957396,-0.08443191322,0.0524736593
-27.47459327,-0.1184159727,0.032428605,-0.05583415175,0.1227072783
-27.57450088,-0.3042358153,-0.009882363953,-0.02723639027,0.1929408974
-27.67440849,-0.490055658,-0.05219333291,0.001361371202,0.2631745164
-27.7743161,0.3395365223,-0.09449844108,0.02995913268,0.3334081355
-27.87422371,0.4837579701,-0.01226770191,0.05855678469,0.4036417545
-27.97413133,0.2979390756,0.1020689039,-0.01926974218,0.4711204051
-28.07403894,0.112119233,0.05976235915,-0.07093377136,-0.5304242449
-28.17394655,-0.07370060968,0.0174513902,-0.04233600988,-0.4601906259
-28.27385416,-0.2595204523,-0.02485957876,-0.01373824841,-0.3899570068
-28.37376177,-0.4453402949,-0.06717054772,0.01485951307,-0.3197233878
-28.47366938,0.4872108885,-0.1043581771,0.04345727454,-0.2494897687
-28.573577,0.3043612168,0.02834038979,0.07205380409,-0.1792561497
-28.67348461,0.1185414309,0.08709612015,-0.0780997572,-0.1657271664
-28.77339222,-0.06727841173,0.0447851512,-0.04950199572,-0.09549354736
-28.87329983,-0.2530982544,0.00247418224,-0.02090423425,-0.02525992832
-28.97320744,-0.438918097,-0.03983678672,0.007693527226,0.04497369072
-29.07311506,-0.6247379396,-0.08214775567,0.0362912887,0.1152073098
-29.17302267,0.5224363476,-0.1077140611,0.06488905017,0.1854409288
-29.27293028,0.3369504736,0.1097929627,0.09186205398,0.2556745206
-29.37283789,0.1511306309,0.07211891414,-0.08398451207,0.0418997988
-29.4727455,-0.03468921169,0.02980794518,-0.05538675059,0.1121334178
-29.57265312,-0.2205090543,-0.01250302378,-0.02678898912,0.1823670369
-29.67256073,-0.406328897,-0.05481399273,0.00180877236,0.2526006559
-29.77246834,0.4259877549,-0.09706949941,0.03040653384,0.322834275
-29.87237595,0.3547749035,0.01716404023,0.05900403741,0.393067894
-29.97228356,0.168955168,0.09945076908,-0.02809226145,0.4599482555
-30.07219117,-0.01686467467,0.05714170323,-0.0694335945,-0.5210729551
-30.17209879,-0.2026845173,0.01483073428,-0.04083583303,-0.450839336
-30.2720064,-0.3885043599,-0.02748023468,-0.01223807155,-0.380605717
-30.37191401,-0.5743242026,-0.06979120364,0.01635968992,-0.3103720979
-30.47182162,0.5385767395,-0.1116607488,0.0449574514,-0.2401384789
-30.57172923,0.3765186288,0.05214312475,0.07355267549,-0.1699048599
-30.67163685,0.1906987909,0.08447546534,-0.08019412917,-0.1626765787
-30.77154446,0.004878948217,0.04216449638,-0.0515963677,-0.0924429597
-30.87145207,-0.1809408944,-0.000146472573,-0.02299860622,-0.02220934066
-30.97135968,-0.3667607371,-0.04245744153,0.005599155255,0.04802427838
-31.07126729,-0.5525805797,-0.08476841049,0.03419691673,0.1182578974
-31.17117491,0.4044950903,-0.09608559262,0.06279467816,0.1884915165
-31.27108252,0.218728478,0.1092074582,0.08907408519,0.2587250921
-31.37099013,0.03290863536,0.06949825654,-0.08339782645,0.03155509919
-31.47089774,-0.1529112073,0.02718728758,-0.05480006498,0.1017887182
-31.57080535,-0.3387310499,-0.01512368137,-0.0262023035,0.1720223373
-31.67071296,-0.5245508925,-0.05743465033,0.002395457975,0.2422559563
-31.77062058,0.5745880888,-0.09947020231,0.03099321945,0.3124895754
-31.87052819,0.4165902338,0.04331561882,0.05959042131,0.3827231944
-31.9704358,0.2307704007,0.09683119826,-0.03607694678,0.4489307474
-32.07034341,0.04495055806,0.05452104794,-0.06841130395,-0.5119157102
-32.17025102,-0.1408692846,0.01221007899,-0.03981354248,-0.4416820911
-32.27015864,-0.3266891272,-0.03010088997,-0.011215781,-0.3714484721
-32.37006625,-0.5125089699,-0.07241185892,0.01738198047,-0.3012148531
-32.46997386,0.4480569344,-0.1132544463,0.04597974195,-0.230981234
-32.56988147,0.2679344195,0.07067372464,0.0745726106,-0.160747615
-32.66978908,0.08211457732,0.08185480894,-0.08193946767,-0.1599555829
-32.7696967,-0.1037052653,0.03954383998,-0.05334170619,-0.08972196389
-32.86960431,-0.289525108,-0.002767128973,-0.02474394472,-0.01948834485
-32.96951192,-0.4753449506,-0.04507809793,0.003853816758,0.05074527419
-33.06941953,0.2129897308,-0.08738844891,0.03245157823,0.1209788932
-33.16932714,0.4571100621,-0.07924249827,0.06104933958,0.1912125123
-33.26923475,0.2712967941,0.1077521345,0.08644600641,0.2614460642
-33.36914237,0.08547695145,0.06687760026,-0.08275347216,0.02143910613
-33.46904998,-0.1003428912,0.0245666313,-0.05415571068,0.09167272517
-33.56895759,-0.2861627338,-0.01774433766,-0.02555794921,0.1619063442
-33.6688652,-0.4719825765,-0.06005530661,0.00303981227,0.2321399633
-33.76877281,0.4955586558,-0.1014108849,0.03163757375,0.3023735823
-33.86868043,0.3166371445,0.06503854585,0.06023420183,0.3726072013
-33.96858804,0.1308173028,0.09421100883,-0.04328024596,0.4380646957
-34.06849565,-0.05500253987,0.05190039202,-0.06775594905,-0.5029554649
-34.16840326,-0.2408223825,0.009589423067,-0.03915818757,-0.4327218459
-34.26831087,-0.4266422251,-0.03272154589,-0.0105604261,-0.3624882269
-34.36821849,-0.6124620678,-0.07503251485,0.01803733538,-0.2922546078
-34.4681261,0.4970227321,-0.1135029657,0.04663509685,-0.2220209888
-34.56803371,0.3122336346,0.08423986854,0.07522393822,-0.1517873697
-34.66794132,0.126413792,0.07923415261,-0.08337301731,-0.1575464261
-34.76784893,-0.05940605063,0.03692318365,-0.05477525583,-0.08731280701
-34.86775654,-0.2452258933,-0.005387785306,-0.02617749436,-0.01707918797
-34.96766416,-0.4310457359,-0.04769875426,0.002420267117,0.05315443107
-35.06757177,0.3854392507,-0.09000281173,0.03101802859,0.1233880501
-35.16747938,0.364892227,-0.05806100107,0.05961578969,0.1936216691
-35.26738699,0.1790732586,0.1057862099,0.08391820603,0.2638551875
-35.3672946,-0.006746584027,0.06425694418,-0.08210766123,0.01155113209
-35.46720222,-0.1925664267,0.02194597522,-0.05350989976,0.08178475113
-35.56710983,-0.3783862693,-0.02036499373,-0.02491213828,0.1520183702
-35.66701744,-0.5642061119,-0.06267596269,0.003685623191,0.2222519892
-35.76692505,0.5380497944,-0.102386459,0.03228338467,0.2924856083
-35.86683266,0.3535406035,0.08203713193,0.06087898169,0.3627192273
-35.96674028,0.1677207609,0.09159055334,-0.0497571653,0.4273469607
-36.06664789,-0.01809908171,0.04927973587,-0.06737696082,-0.494194476
-36.1665555,-0.2039189243,0.006968766911,-0.03877919935,-0.4239608569
-36.26646311,-0.389738767,-0.03534220205,-0.01018143787,-0.3537272379
-36.36637072,-0.5755586096,-0.077653171,0.01841632361,-0.2834936188
-36.46627833,0.4125615617,-0.1115535856,0.04701408508,-0.2132599998
-36.56618595,0.226932204,0.09354396035,0.07559635261,-0.1430263808
-36.66609356,0.04111236141,0.07661349642,-0.08453474032,-0.1554323525
-36.76600117,-0.1447074812,0.03430252746,-0.05593697884,-0.0851987335
-36.86590878,-0.3305273239,-0.008008441493,-0.02733921737,-0.01496511446
-36.96581639,-0.5163471665,-0.05031941045,0.001258544108,0.05526850458
-37.06572401,0.5331226195,-0.09259012964,0.02985630558,0.1255021236
-37.16563162,0.3951809983,-0.0341004673,0.05845406608,0.1957357427
-37.26553923,0.2093612524,0.1035273136,0.08143098996,0.2659692142
-37.36544684,0.02354140977,0.06163628806,-0.08149717725,0.001890262597
-37.46535445,-0.1622784329,0.0193253191,-0.05289941577,0.07212388164
-37.56526207,-0.3480982755,-0.02298564985,-0.0243016543,0.1423575007
-37.66516968,-0.5339181181,-0.06529661881,0.00429610718,0.2125911197
-37.76507729,0.4600072877,-0.1016921603,0.03289386866,0.2828247388
-37.8649849,0.2744380751,0.09459400356,0.06148770109,0.3530583578
-37.96489251,0.08861823243,0.08889569807,0.07240029466,0.4232891272
-38.06480012,-0.0972016102,0.04665907969,-0.0672014913,-0.4856343683
-38.16470774,-0.2830214528,0.004348110737,-0.03860372982,-0.4154007493
-38.26461535,-0.4688412955,-0.03796285822,-0.01000596835,-0.3451671303
-38.36452296,0.09554931556,-0.08027376201,0.01859179313,-0.2749335112
-38.46443057,0.4370931378,-0.1065440439,0.0471895546,-0.2046998922
-38.56433818,0.25130208,0.09942300874,0.0757615165,-0.1344662731
-38.6642458,0.06548223738,0.07399284027,-0.08546440157,-0.1535975315
-38.76415341,-0.1203376053,0.03168187131,-0.0568666401,-0.08336391247
-38.86406102,-0.3061574479,-0.01062909764,-0.02826887862,-0.01313029343
-38.96396863,-0.4919772905,-0.0529400666,0.0003288828523,0.05710332561
-39.06387624,0.4940218594,-0.09508848244,0.02892664433,0.1273369447
-39.16378386,0.3216297115,-0.00918706046,0.05752440345,0.1975705637
-39.26369147,0.1358098802,0.1011036048,0.07892810049,0.2678039716
-39.36359908,-0.05000996248,0.05901563191,-0.080944271,-0.007544637127
-39.46350669,-0.2358298051,0.01670466295,-0.05234650952,0.06268898191
-39.5634143,-0.4216496478,-0.02560630601,-0.02374874805,0.132922601
-39.66332191,0.1141423038,-0.06791723783,0.004849013426,0.20315622
-39.76322953,0.4792934522,-0.09853043914,0.0334467749,0.273389839
-39.86313714,0.293513196,0.02237772075,0.06204451139,0.3436234581
-39.96304475,0.107693354,0.08631208479,0.06938727258,0.4138532078
-40.06295236,-0.07812648861,0.04403842353,-0.06717183539,-0.4772761968
-40.16285997,-0.2639463312,0.001727454577,-0.03857407391,-0.4070425778
-40.26276759,-0.4497661739,-0.04058351438,-0.009976312434,-0.3368089588
-40.3626752,0.3323529554,-0.08289364246,0.01862144904,-0.2665753397
-40.46258281,0.3685371316,-0.0978346328,0.04721921052,-0.1963417207
-40.56249042,0.1827217042,0.1026868745,0.07577558101,-0.1261081016
-40.66239803,-0.003098138419,0.07137218412,-0.08619965322,-0.152026991
-40.76230565,-0.1889179811,0.02906121516,-0.05760189174,-0.08179337193
-40.86221326,-0.3747378237,-0.01324975379,-0.02900413026,-0.01155975289
-40.96212087,-0.5605576663,-0.05556072275,-0.0004063687895,0.05867386615
-41.06202848,0.518757815,-0.09736005727,0.02819139269,0.1289074852
-41.16193609,0.3359674283,0.01497867323,0.05678914883,0.1991411042
-41.2618437,0.1501475869,0.09858876559,0.07635907284,0.2693744268
-41.36175132,-0.03567225578,0.05639497575,-0.08046059245,-0.01675491509
-41.46165893,-0.2214920984,0.01408400679,-0.05186283098,0.05347870395
-41.56156654,-0.407311941,-0.02822696216,-0.0232650695,0.123712323
-41.66147415,0.3640668705,-0.07053743598,0.005332691973,0.193945942
-41.76138176,0.4151977644,-0.09218989595,0.03393045345,0.2641795611
-41.86128938,0.2293841983,0.04298326373,0.06252816366,0.3344131801
-41.96119699,0.04356435574,0.08371015621,0.06597413798,0.4046416308
-42.0611046,-0.1422554869,0.04141776738,-0.06724302132,-0.469120502
-42.16101221,-0.3280753295,-0.0008932015776,-0.03864525985,-0.398886883
-42.26091982,-0.5138951722,-0.04320417053,-0.01004749837,-0.328653264
-42.36082744,0.4904656887,-0.08550952091,0.0185502631,-0.2584196449
-42.46073505,0.3786396456,-0.0852091924,0.04714802458,-0.1881860259
-42.56064266,0.1928203882,0.1040355267,0.0756815397,-0.1179524068
-42.66055027,0.007000545558,0.06875152797,-0.08677487842,-0.1507065581
-42.76045788,-0.1788192971,0.02644055901,-0.05817711694,-0.08047293905
-42.86036549,-0.3646391397,-0.01587040995,-0.02957935547,-0.01023932001
-42.96027311,-0.5504589823,-0.0581813789,-0.0009815939925,0.05999429903
-43.06018072,0.4609864023,-0.09915500432,0.02761616748,0.1302279181
-43.16008833,0.275824422,0.03707673219,0.0562139176,0.2004615371
-43.25999594,0.09000457951,0.0960242963,0.07368067204,0.2706947472
-43.35990355,-0.09581526313,0.05377431959,-0.08005028993,-0.02574212508
-43.45981117,-0.2816351058,0.01146335064,-0.05145252845,0.04449149396
-43.55971878,-0.4674549484,-0.03084761832,-0.02285476698,0.114725113
-43.65962639,0.5258901198,-0.07315517259,0.005742994496,0.184958732
-43.759534,0.4214156638,-0.1111795777,0.03434075597,0.2551923511
-43.85944161,0.2356896028,0.06006121559,0.0629384173,0.3254259701
-43.95934923,0.04986976021,0.08109888972,0.06217840789,0.3956527871
-44.05925684,-0.1359500824,0.03879711122,-0.06738062086,-0.4611673617
-44.15916445,-0.3217699251,-0.003513857732,-0.03878285938,-0.3909337426
-44.25907206,-0.5075897677,-0.04582482669,-0.01018509791,-0.3207001236
-44.35897967,0.4847637874,-0.08810989994,0.01841266357,-0.2504665045
-44.45888728,0.3220663317,-0.06896767907,0.04701042504,-0.1802328855
-44.5587949,0.1362465672,0.1040301961,0.07551136848,-0.1099992665
-44.65870251,-0.04957327539,0.06613087181,-0.08722059533,-0.1496228048
-44.75861012,-0.235393118,0.02381990285,-0.05862283386,-0.07938918577
-44.85851773,-0.4212129607,-0.0184910661,-0.03002507238,-0.009155566727
-44.95842534,0.008867312621,-0.06080203114,-0.001427310907,0.06107805231
-45.05833296,0.4644334032,-0.1000920617,0.02717045057,0.1313116714
-45.15824057,0.2787352518,0.05626447708,0.05576818901,0.2015452904
-45.25814818,0.09291540922,0.09343315922,0.07085761952,0.2717783545
-45.35805579,-0.09290443342,0.05115366344,-0.07971240805,-0.03450801884
-45.4579634,-0.2787242761,0.008842694484,-0.05111464657,0.0357256002
-45.55787102,-0.4645441187,-0.03346827447,-0.0225168851,0.1059592192
-45.65777863,0.2706907542,-0.07577914294,0.006080876377,0.1761928383
-45.75768624,0.368115192,-0.10974217,0.03467863785,0.2464264573
-45.85759385,0.1823116841,0.07354524861,0.06327621203,0.3166600764
-45.95750146,-0.003508158523,0.07848290622,0.05802705811,0.386884863
-46.05740907,-0.1893280012,0.03617645507,-0.06755880447,-0.4534164378
-46.15731669,-0.3751478438,-0.006134513886,-0.03896104299,-0.3831828187
-46.2572243,-0.5609676864,-0.04844548284,-0.01036328152,-0.3129491997
-46.35713191,0.5017490052,-0.09066390933,0.01823447996,-0.2427155806
-46.45703952,0.3219393231,-0.04988059973,0.04683224142,-0.1724819616
-46.55694713,0.1361194898,0.1030964437,0.07528792921,-0.1022483426
-46.65685475,-0.04970035281,0.06351021566,-0.08756326032,-0.1487629983
-46.75676236,-0.2355201955,0.0211992467,-0.05896549884,-0.07852937931
-46.85666997,-0.4213400381,-0.02111172226,-0.03036773737,-0.008295760264
-46.95657758,0.3007535107,-0.06342263227,-0.00176997589,0.06193785878
-47.05648519,0.4140169443,-0.09967364446,0.02682778559,0.1321714778
-47.15639281,0.2282189366,0.07215305521,0.05542550242,0.2024050969
-47.25630042,0.04239909395,0.09082786341,0.06786278588,0.2726379736
-47.35620803,-0.1434207487,0.04853300729,-0.07944270723,-0.04305453796
-47.45611564,-0.3292405913,0.006222038329,-0.05084494575,0.02717908108
-47.55602325,-0.515060434,-0.03608893063,-0.02224718428,0.09741270012
-47.65593087,0.4452462084,-0.07839914188,0.006350577196,0.1676463192
-47.75583848,0.3652831166,-0.105979996,0.03494833867,0.2378799382
-47.85574609,0.179465791,0.08367269651,0.06354576323,0.3081135572
-47.9556537,-0.006354051663,0.07586455962,0.05355384825,0.3783358477
-48.05556131,-0.1921738943,0.03355579892,-0.06775864851,-0.4458670198
-48.15546892,-0.3779937369,-0.008755170041,-0.03916088704,-0.3756334007
-48.25537654,-0.5638135796,-0.051066139,-0.01056312556,-0.3053997817
-48.35528415,0.4583424857,-0.09310378994,0.01803463591,-0.2351661627
-48.45519176,0.2739852429,-0.02903287192,0.04663239737,-0.1649325436
-48.55509937,0.08816540142,0.1015429528,0.07502663262,-0.09469892458
-48.65500698,-0.09765444121,0.0608895595,-0.08782534358,-0.148115056
-48.7549146,-0.2834742838,0.01857859054,-0.0592275821,-0.07788143692
-48.85482221,-0.4692941265,-0.02373237841,-0.03062982063,-0.007647817882
-48.95472982,0.4799133057,-0.06604289024,-0.00203205915,0.06258580116
-49.05463743,0.4087560857,-0.09734408616,0.02656570233,0.1328194202
-49.15454504,0.222939724,0.08471731118,0.05516338069,0.2030530392
-49.25445266,0.03711988134,0.08821513067,0.06467699576,0.2732856787
-49.35436027,-0.1486999613,0.04591235113,-0.07923501477,-0.05138380546
-49.45426788,-0.3345198039,0.003601382174,-0.0506372533,0.01884981358
-49.55417549,-0.5203396466,-0.03870958678,-0.02203949182,0.08908343262
-49.6540831,0.4690487426,-0.08101663086,0.006558269652,0.1593170517
-49.75399071,0.319625297,-0.09940543828,0.03515603113,0.2295506707
-49.85389833,0.1338058344,0.09085624047,0.06375320736,0.2997842897
-49.95380594,-0.05201400828,0.07324503797,0.04879711534,0.3700035412
-50.05371355,-0.2378338509,0.03093514276,-0.06796668799,-0.4385180639
-50.15362116,-0.4236536935,-0.0113758262,-0.03936892651,-0.3682844449
-50.25352877,-0.08642889794,-0.05368679474,-0.01077116504,-0.2980508259
-50.35343639,0.45203872,-0.09530333951,0.01782659644,-0.2278172068
-50.453344,0.2665281672,-0.007620154459,0.04642435786,-0.1575835878
-50.55325161,0.08070832465,0.09958554418,0.07473686899,-0.08734996876
-50.65315922,-0.105111518,0.05826890335,-0.08802557961,-0.1476675036
-50.75306683,-0.2909313606,0.01595793439,-0.05942781813,-0.07743388459
-50.85297445,-0.4767512033,-0.02635303457,-0.03083005666,-0.007200265547
-50.95288206,0.5106657431,-0.06866157033,-0.002232295181,0.06303335349
-51.05278967,0.3651531252,-0.09258433389,0.02636546629,0.1332669725
-51.15269728,0.1793338234,0.09418407533,0.05496307854,0.2035005916
-51.25260489,-0.006486019237,0.08531995392,0.08246562121,0.2737342104
-51.3525125,-0.1923058619,0.04329169498,-0.07908220303,-0.05949811715
-51.45242012,-0.3781257045,0.0009807260197,-0.05048444155,0.01073550189
-51.55232773,-0.5639455471,-0.04133024294,-0.02188668008,0.08096912094
-51.65223534,0.485381586,-0.08362550988,0.006711081399,0.15120274
-51.75214295,0.3102192724,-0.08975787085,0.03530884287,0.221436359
-51.85205056,0.1243994821,0.09558147622,0.06390561939,0.2916699781
-51.95195818,-0.06142036051,0.07062493597,0.04379796597,0.3618855631
-52.05186579,-0.2472402031,0.02831448661,-0.06817369996,-0.4313682293
-52.1517734,-0.4330600458,-0.01399648235,-0.03957593848,-0.3611346102
-52.25168101,0.2324502913,-0.05630744438,-0.01097817701,-0.2909009912
-52.35158862,0.4105191432,-0.09705835736,0.01761958447,-0.2206673721
-52.45149624,0.2247613435,0.01323837982,0.04621734583,-0.1504337531
-52.55140385,0.03894150086,0.09737045876,0.0744232234,-0.08020013407
-52.65131146,-0.1468783418,0.05564824719,-0.08817931935,-0.1474094381
-52.75121907,-0.3326981844,0.01333727824,-0.05958155787,-0.0771758191
-52.85112668,-0.518518027,-0.02897369072,-0.0309837964,-0.006942200056
-52.95103429,0.5276974203,-0.07127466535,-0.002386034923,0.06329141899
-53.05094191,0.3540025196,-0.08502092513,0.02621172655,0.133525038
-53.15084952,0.1681827538,0.1009271679,0.05480922871,0.2037586571
