# linearised Weierstrass model: D=1.5, b=3, d=3, modes=7
# fit: D_fit=1.524000, rel_residual=1.501e-03, c_s=3.0412367, c_0=3.9454028
z,L,area,S_ren_nonlocal_ct,S_local_ct
0.004115226337,72.47112155,11886.37978,-25.51317824,-5724.102754
0.004204885421,71.68600468,11512.87615,-24.9315622,-5535.389732
0.004296497922,70.91840328,11151.27407,-24.49434718,-5354.821024
0.004390106399,70.16804573,10801.14955,-24.16897003,-5182.07258
0.004485754338,69.43450605,10462.09478,-23.92426994,-5016.797019
0.004583486174,68.71720708,10133.71831,-23.73265088,-4858.626923
0.004683347308,68.01542622,9815.645006,-23.57166355,-4707.178466
0.004785384133,67.32831025,9507.516057,-23.42488473,-4562.056703
0.004889644051,66.65490222,9208.988759,-23.28208641,-4422.862869
0.004996175495,65.99418114,8919.736163,-23.13878324,-4289.203595
0.005105027957,65.3451043,8639.446526,-22.99530267,-4160.699692
0.005216252005,64.70663522,8367.822637,-22.85552133,-4036.991232
0.005329899309,64.0777529,8104.581078,-22.72540529,-3917.738518
0.005446022664,63.45745237,7849.451512,-22.611516,-3802.621255
0.005564676017,62.84474688,7602.175994,-22.51966797,-3691.338074
0.005685914489,62.23867572,7362.508302,-22.4539061,-3583.607023
0.005809794403,61.63831545,7130.213253,-22.41591126,-3479.166558
0.005936373308,61.04279177,6905.066034,-22.40486413,-3377.776469
0.006065710008,60.45129008,6686.85151,-22.41772552,-3279.218414
0.006197864587,59.86306438,6475.363559,-22.44983709,-3183.296056
0.006332898438,59.2774445,6270.404406,-22.49571323,-3089.834839
0.006470874293,58.69384158,6071.783989,-22.54988261,-2998.681441
0.00661185625,58.1117519,5879.319351,-22.60764574,-2909.70293
0.006755909803,57.53075884,5692.834066,-22.66564032,-2822.785669
0.006903101873,56.95053316,5512.1577,-22.7221439,-2737.833999
0.00705350084,56.37083193,5337.125318,-22.77708898,-2654.768808
0.007207176573,55.79149645,5167.577029,-22.83181002,-2573.526007
0.007364200464,55.21244927,5003.357571,-22.88858099,-2494.055018
0.007524645459,54.63369079,4844.315946,-22.95002897,-2416.317275
0.007688586094,54.05529545,4690.305085,-23.01852237,-2340.284778
0.007856098529,53.47740766,4541.181554,-23.09563026,-2265.938731
0.008027260585,52.90023768,4396.805293,-23.18173357,-2193.26826
0.008202151774,52.32405765,4257.039389,-23.27584283,-2122.269247
0.008380853346,51.74919785,4121.749875,-23.37564461,-2052.943287
0.008563448317,51.17604367,3990.805556,-23.47776541,-1985.2968
0.008750021514,50.6050333,3864.077853,-23.57821141,-1919.340305
0.00894065961,50.03665642,3741.440667,-23.67291983,-1855.087844
0.009135451168,49.47145363,3622.770256,-23.75834439,-1792.556553
0.009334486681,48.91001602,3507.945123,-23.83199522,-1731.76625
0.009537858611,48.352983,3396.845914,-23.89286031,-1672.738882
0.009745661438,47.80103574,3289.355343,-23.9416505,-1615.497555
0.009957991698,47.25488347,3185.358134,-23.98083023,-1560.06493
0.01017494803,46.71524183,3084.741017,-24.01442232,-1506.460991
0.01039663123,46.18280574,2987.392765,-24.04760555,-1454.700518
0.01062314427,45.65822128,2893.204289,-24.08615423,-1404.790743
0.01085459238,45.14206147,2802.06877,-24.13579306,-1356.729633
0.0110910831,44.63481127,2713.881816,-24.20155486,-1310.505242
0.01133272627,44.1368647,2628.541615,-24.28722976,-1266.096238
0.01157963416,43.64852995,2545.94907,-24.39497767,-1223.473119
0.01183192147,43.17003415,2466.0079,-24.52514243,-1182.599323
0.01208970541,42.70152284,2388.624726,-24.67627045,-1143.431796
0.01235310572,42.24305661,2313.709144,-24.84531249,-1105.921316
0.01262224478,41.79460968,2241.173788,-25.02797366,-1070.012962
0.01289724762,41.35607044,2170.934381,-25.21916576,-1035.646719
0.01317824198,40.92724162,2102.909771,-25.41350422,-1002.758018
0.01346535841,40.50784116,2037.021954,-25.60578955,-971.2783018
0.01375873029,40.09750798,1973.196088,-25.79142272,-941.1359116
0.01405849392,39.69581401,1911.360472,-25.96671967,-912.257353
0.01436478854,39.30227947,1851.446505,-26.12910352,-884.5686729
0.01467775645,38.91638682,1793.388621,-26.27716486,-857.9966207
0.01499754304,38.53759178,1737.124195,-26.41059366,-832.4694832
0.01532429687,38.16533196,1682.593446,-26.53000138,-807.9176871
0.01565816974,37.79903528,1629.739322,-26.63666601,-784.2743152
0.01599931674,37.43812892,1578.50738,-26.73224049,-761.4756032
0.01634789638,37.08204866,1528.84566,-26.81846611,-739.4613931
0.01670407057,36.7302473,1480.704551,-26.89692663,-718.1754853
0.01706800478,36.38220179,1434.036653,-26.96886885,-697.5658544
0.01743986809,36.03741861,1388.796641,-27.03510389,-677.5847345
0.01781983324,35.69543774,1344.941128,-27.09599085,-658.188601
0.01820807675,35.35583573,1302.42854,-27.15149414,-639.338084
0.01860477899,35.01822794,1261.218983,-27.20129651,-620.9978372
0.01901012424,34.68227037,1221.274125,-27.24494433,-603.1363806
0.01942430081,34.34766117,1182.557088,-27.28199965,-585.725926
0.0198475011,34.01414166,1145.03233,-27.31217484,-568.7421886
0.02027992174,33.68149716,1108.665555,-27.33543064,-552.1641863
0.02072176358,33.34955729,1073.423607,-27.35202538,-535.9740273
0.02117323191,33.01819592,1039.274393,-27.3625112,-520.1566881
0.02163453644,32.68733068,1006.186794,-27.36768148,-504.6997821
0.02210589149,32.35692205,974.1305924,-27.36848053,-489.5933229
0.02258751603,32.02697213,943.0764073,-27.36589159,-474.8294873
0.0230796338,31.6975231,912.9956287,-27.36082143,-460.4023799
0.02358247341,31.36865553,883.8603649,-27.35399953,-446.3078061
0.02409626847,31.04048654,855.6433924,-27.34590654,-432.5430573
0.02462125767,30.71316795,828.3181123,-27.33674216,-419.1067091
0.02515768489,30.38688448,801.8585114,-27.32643619,-405.9984364
0.02570579933,30.06185193,776.2391285,-27.31470013,-393.2188428
0.02626585562,29.73831539,751.4350239,-27.30111123,-380.7693033
0.02683811395,29.41654732,727.4217541,-27.28521634,-368.6518141
0.02742284017,29.09684535,704.1753488,-27.26664056,-356.8688457
0.0280203059,28.77952962,681.6722931,-27.24518543,-345.4231897
0.02863078872,28.46493927,659.8895122,-27.22090316,-334.3177922
0.02925457222,28.15342793,638.8043607,-27.19413695,-323.5555645
0.02989194619,27.84535771,618.394617,-27.16552198,-313.1391658
0.03054320672,27.54109162,598.6384818,-27.13594683,-303.0707548
0.03120865638,27.24098447,579.5145829,-27.10648038,-293.3517188
0.03188860429,26.94537251,561.0019853,-27.07827317,-283.9823943
0.03258336633,26.65456267,543.0802074,-27.05244539,-274.9618084
0.03329326526,26.36882242,525.7292411,-27.02997541,-266.2874691
0.03401863087,26.08837124,508.9295757,-27.01160211,-257.9552334
0.03475980014,25.81337459,492.6622232,-26.99775266,-249.9592675
0.03551711737,25.5439408,476.9087418,-26.98850374,-242.2921024
0.0362909344,25.28012086,461.6512587,-26.98357985,-234.9447723
0.0370816107,25.02191069,446.8724868,-26.98238783,-227.907012
0.03788951359,24.76925509,432.5557382,-26.98408199,-221.1674887
0.03871501839,24.52205281,418.6849312,-26.98765097,-214.7140398
0.03955850859,24.28016189,405.2445927,-26.99201537,-208.5339029
0.04042037604,24.04340517,392.2198561,-26.99612456,-202.6139265
0.04130102113,23.81157565,379.596454,-26.99904205,-196.9407597
0.04220085298,23.58444163,367.3607085,-27.00001111,-191.5010198
0.04312028961,23.36175174,355.4995175,-26.9984953,-186.2814387
0.04405975815,23.14323947,344.0003385,-26.99419198,-181.2689877
0.04501969503,22.92862756,332.8511707,-26.98702021,-176.4509812
0.04600054622,22.71763185,322.0405352,-26.97708743,-171.8151627
0.04700276736,22.50996499,311.5574537,-26.96464118,-167.3497736
0.04802682405,22.30533979,301.3914271,-26.95001365,-163.0436095
0.04907319202,22.10347244,291.5324125,-26.9335664,-158.886065
0.05014235738,21.90408561,281.9708006,-26.91564233,-154.8671694
0.05123481682,21.70691136,272.6973925,-26.89652969,-150.9776143
0.05235107783,21.51169392,263.7033767,-26.87644133,-147.2087729
0.05349165901,21.31819229,254.9803061,-26.85550951,-143.5527116
0.0546570902,21.12618254,246.5200757,-26.83379505,-140.0021937
0.05584791283,20.93545998,238.3148999,-26.81130709,-136.5506754
0.0570646801,20.74584084,230.3572917,-26.78802942,-133.1922945
0.05830795727,20.55716376,222.6400414,-26.76394813,-129.9218511
0.05957832191,20.36929088,215.1561974,-26.73907624,-126.7347829
0.06087636419,20.18210853,207.8990469,-26.71347161,-123.6271341
0.06220268712,19.99552768,200.8620987,-26.68724572,-120.5955201
0.06355790685,19.80948396,194.0390663,-26.66056261,-117.6370877
0.06494265297,19.62393747,187.4238532,-26.63362872,-114.7494732
0.06635756878,19.43887223,181.0105382,-26.60667587,-111.9307584
0.06780331157,19.25429545,174.7933632,-26.57994007,-109.1794251
0.06928055299,19.07023651,168.7667214,-26.55363996,-106.4943105
0.07078997931,18.88674583,162.9251471,-26.52795791,-103.8745611
0.07233229173,18.70389349,157.2633065,-26.50302663,-101.3195897
0.07390820676,18.52176775,151.7759897,-26.47892317,-98.82903197
0.07551845649,18.34047341,146.4581035,-26.45567082,-96.40270517
0.07716378899,18.16013007,141.3046661,-26.43324845,-94.04056915
0.07884496861,17.98087024,136.3108012,-26.41160581,-91.74268857
0.08056277635,17.80283742,131.4717348,-26.39068219,-89.50919744
0.08231801024,17.62618396,126.7827911,-26.37042583,-87.34026542
0.08411148569,17.4510689,122.2393906,-26.35081125,-85.23606597
0.08594403586,17.27765562,117.837048,-26.33185195,-83.19674619
0.0878165121,17.10610938,113.5713708,-26.31360691,-81.22239831
0.08972978427,16.93659478,109.4380595,-26.29617983,-79.31303267
0.09168474121,16.76927297,105.4329069,-26.27971152,-77.46855248
0.0936822911,16.60429886,101.5517991,-26.26436622,-75.68873026
0.09572336192,16.44181824,97.7907163,-26.25031388,-73.97318654
0.09780890187,16.2819648,94.14573445,-26.23771068,-72.32137115
0.09993987982,16.12485734,90.6130268,-26.22668016,-70.73254783
0.1021172857,15.97059705,87.18886604,-26.21729742,-69.20578287
0.1043421311,15.8192651,83.86962641,-26.20957818,-67.73993855
0.1066154495,15.67092067,80.65178591,-26.20347403,-66.33367201
0.1089382971,15.52559943,77.53192841,-26.19887418,-64.9854401
0.1113117529,15.38331272,74.50674556,-26.19561344,-63.69351017
0.1137369196,15.24404732,71.57303834,-26.19348527,-62.45597675
0.1162149238,15.10776596,68.72771819,-26.19225844,-61.27078341
0.1187469166,14.9744085,65.96780757,-26.19169499,-60.13574881
0.1213340744,14.84389366,63.29043998,-26.19156795,-59.0485957
0.123977599,14.71612127,60.69285931,-26.19167648,-58.00698153
0.1266787184,14.59097485,58.17241852,-26.1918574,-57.00852927
0.1294386876,14.46832449,55.72657777,-26.19199194,-56.05085722
0.1322587887,14.3480297,53.35290189,-26.19200756,-55.13160674
0.1351403317,14.22994241,51.04905744,-26.19187509,-54.24846722
0.1380846554,14.11390976,48.81280926,-26.19160202,-53.39919771
0.1410931275,13.99977676,46.6420167,-26.19122323,-52.58164504
0.1441671457,13.88738875,44.53462958,-26.1907904,-51.79375842
0.147308138,13.7765936,42.48868394,-26.19036169,-51.03360064
0.1505175636,13.66724371,40.50229774,-26.1899928,-50.29935611
0.1537969134,13.55919767,38.5736664,-26.18973029,-49.58933616
0.157147711,13.45232183,36.70105846,-26.1896078,-48.90198181
0.1605715129,13.34649149,34.88281123,-26.18964521,-48.23586436
0.1640699097,13.24159199,33.11732658,-26.18985028,-47.58968428
0.1676445267,13.13751953,31.4030668,-26.19022243,-46.9622684
0.1712970244,13.03418187,29.73855069,-26.19075749,-46.35256599
0.1750290996,12.93149879,28.12234978,-26.19145277,-45.75964366
0.1788424862,12.82940242,26.55308478,-26.19231149,-45.18267944
0.1827389556,12.72783741,25.02942222,-26.19334586,-44.62095623
0.1867203179,12.62676096,23.55007132,-26.19457849,-44.07385465
0.1907884229,12.52614266,22.11378105,-26.19604194,-43.54084554
0.1949451603,12.4259643,20.71933749,-26.19777661,-43.02148215
0.1991924612,12.32621944,19.36556131,-26.19982724,-42.51539224
0.2035322987,12.22691293,18.05130556,-26.20223886,-42.02227
0.2079666889,12.12806031,16.77545367,-26.20505251,-41.54186808
0.2124976919,12.02968714,15.53691759,-26.20830162,-41.07398972
0.2171274126,11.93182814,14.33463621,-26.21200936,-40.61848094
0.2218580017,11.83452636,13.16757396,-26.21618748,-40.17522309
0.2266916569,11.73783221,12.03471958,-26.22083656,-39.74412562
0.2316306237,11.64180246,10.93508509,-26.22594772,-39.32511917
0.2366771966,11.54649914,9.867704883,-26.23150545,-38.91814904
0.2418337199,11.45198844,8.831635023,-26.23749101,-38.52316913
0.2471025892,11.35833958,7.825952656,-26.24388604,-38.14013621
0.2524862523,11.26562358,6.849755551,-26.25067572,-37.76900479
0.25798721,11.17391215,5.902161761,-26.25785117,-37.40972239
0.2636080179,11.08327646,4.982309383,-26.26541053,-37.06222534
0.2693512873,10.99378601,4.089356408,-26.27335891,-36.72643519
0.2752196862,10.90550747,3.222480644,-26.28170694,-36.40225557
0.2812159408,10.81850362,2.380879706,-26.29046827,-36.0895697
0.2873428368,10.73283235,1.563771046,-26.2996564,-35.78823838
0.2936032204,10.64854567,0.7703920239,-26.30928121,-35.49809867
0.3,10.5656889,0,-26.31934561,-35.21896301
